"Fecha","Emisora","Precio.Sucio","Precio.Limpio","Intereses.Devengados","Dias.por.Vencer","Tasa.Descuento","Precio.Sucio.24.Hrs","Precio.Limpio.24.Hrs","Intereses.Devengados.24.Hrs","Dias.Por.Vencer.24.Hrs","Tasa.Descuento.24.Hrs","Plazo","Sobretasa","Duracion","Convexidad","Rendimiento","Instrumento","FechaInicioCupon","FechaFinCupon","Tasa.Cupon.Vigente","Tasa.Cupon.Vigente.24.Hrs","Moneda","Homologación.Calificación","Clave","fechaInicio","fechaFinal","PagosCupon","Maduración","PAGOS","PAGOS.EXACTOS","TresAños","CincoAños","DiezAños"
"04/01/2019","START",100.023647,99.999925,0.023722,7,0,100.09462,99.999731,0.094889,80,0,84,-0.05,0.227508,0.069533,0.0854,"93_START_00119","03/01/2019","31/01/2019",0.0854,0.0854,"MPS","AAA",4,"03/01/2019","28/03/2019",28,84,3,3,0.086325148,0.08632858,0.08633716
"03/01/2019","BANORTE",99.999706,99.999706,0,112,0,100.023584,99.99964,0.023944,111,0,112,0.03,0.305964,0.117798,0.086238,"F_BANORTE_19001","03/01/2019","31/01/2019",0.0862,0.0862,"MPS","AAA",4,"03/01/2019","25/04/2019",28,112,4,4,0.086325148,0.08632858,0.08633716
"03/01/2019","BANORTE",99.999706,99.999706,0,168,0,100.023667,99.999639,0.024028,167,0,168,0.06,0.455869,0.245158,0.086538,"F_BANORTE_19002","03/01/2019","31/01/2019",0.0865,0.0865,"MPS","AAA",4,"03/01/2019","20/06/2019",28,168,6,6,0.086325148,0.08632858,0.08633716
"03/01/2019","BANORTE",99.993526,99.993526,0,112,0,100.017568,99.993679,0.023889,111,0,112,0.09,0.305943,0.117783,0.086838,"F_BANORTE_19003","03/01/2019","31/01/2019",0.086,0.086,"MPS","AAA",4,"03/01/2019","25/04/2019",28,112,4,4,0.086325148,0.08632858,0.08633716
"04/01/2019","BANORTE",100.023867,99.999923,0.023944,111,0,100.095504,99.999726,0.095778,108,0,112,0.03,0.303206,0.115905,0.0862,"F_BANORTE_19001","03/01/2019","31/01/2019",0.0862,0.0862,"MPS","AAA",4,"03/01/2019","25/04/2019",28,112,4,4,0.086325148,0.08632858,0.08633716
"04/01/2019","BANORTE",100.02395,99.999922,0.024028,167,0,100.095835,99.999724,0.096111,164,0,168,0.06,0.453113,0.24244,0.0865,"F_BANORTE_19002","03/01/2019","31/01/2019",0.0865,0.0865,"MPS","AAA",4,"03/01/2019","20/06/2019",28,168,6,6,0.086325148,0.08632858,0.08633716
"04/01/2019","BANORTE",100.017851,99.993962,0.023889,111,0,100.08998,99.994424,0.095556,108,0,112,0.09,0.303185,0.11589,0.0868,"F_BANORTE_19003","03/01/2019","31/01/2019",0.086,0.086,"MPS","AAA",4,"03/01/2019","25/04/2019",28,112,4,4,0.086325148,0.08632858,0.08633716
"04/01/2019","BANORTE",100,100,0,196,0,100.072199,99.999782,0.072417,193,0,196,0.1,0.530019,0.325369,0.0869,"F_BANORTE_19004","04/01/2019","01/02/2019",0.0869,0.0869,"MPS","AAA",4,"04/01/2019","19/07/2019",28,196,7,7,0.086325148,0.08632858,0.08633716
"07/01/2019","START",100.094786,99.999897,0.094889,80,0,100.118448,99.999837,0.118611,79,0,84,-0.05,0.21923,0.065195,0.085375,"93_START_00119","03/01/2019","31/01/2019",0.0854,0.0854,"MPS","AAA",4,"03/01/2019","28/03/2019",28,84,3,3,0.086325148,0.08632858,0.08633716
"08/01/2019","START",100.118568,99.999957,0.118611,79,0,100.142231,99.999898,0.142333,78,0,84,-0.05,0.216471,0.06378,0.085356,"93_START_00119","03/01/2019","31/01/2019",0.0854,0.0854,"MPS","AAA",4,"03/01/2019","28/03/2019",28,84,3,3,0.086325148,0.08632858,0.08633716
"07/01/2019","BANORTE",100.095669,99.999891,0.095778,108,0,100.119553,99.999831,0.119722,107,0,112,0.03,0.29493,0.110315,0.086175,"F_BANORTE_19001","03/01/2019","31/01/2019",0.0862,0.0862,"MPS","AAA",4,"03/01/2019","25/04/2019",28,112,4,4,0.086325148,0.08632858,0.08633716
"07/01/2019","BANORTE",100.096001,99.99989,0.096111,164,0,100.119967,99.999828,0.120139,163,0,168,0.06,0.444838,0.234369,0.086475,"F_BANORTE_19002","03/01/2019","31/01/2019",0.0865,0.0865,"MPS","AAA",4,"03/01/2019","20/06/2019",28,168,6,6,0.086325148,0.08632858,0.08633716
"07/01/2019","BANORTE",100.090146,99.99459,0.095556,108,0,100.114194,99.99475,0.119444,107,0,112,0.09,0.294909,0.110301,0.086775,"F_BANORTE_19003","03/01/2019","31/01/2019",0.086,0.086,"MPS","AAA",4,"03/01/2019","25/04/2019",28,112,4,4,0.086325148,0.08632858,0.08633716
"07/01/2019","BANORTE",100.072372,99.999955,0.072417,193,0,100.096443,99.999887,0.096556,192,0,196,0.1,0.521744,0.316027,0.086875,"F_BANORTE_19004","04/01/2019","01/02/2019",0.0869,0.0869,"MPS","AAA",4,"04/01/2019","19/07/2019",28,196,7,7,0.086325148,0.08632858,0.08633716
"07/01/2019","BANORTE",100.000114,100.000114,0,253,0,100.024168,100.000029,0.024139,252,0,253,0.1,0.679538,0.522112,0.086875,"F_BANORTE_19005","07/01/2019","04/02/2019",0.0869,0.0869,"MPS","AAA",4,"07/01/2019","17/09/2019",28,253,9.035714286,9,0.086325148,0.08632858,0.08633716
"08/01/2019","BANOBRA",100.024018,100.024018,0,196,0,100.047313,100.02382,0.023493,195,0,196,-0.174999,0.530419,0.325745,0.08410601,"F_BANOBRA_19005","08/01/2019","05/02/2019",0.084575,0.084575,"MPS","AAA",3,"08/01/2019","23/07/2019",28,196,7,7,0.086325148,0.08632858,0.08633716
"08/01/2019","BANORTE",100.119673,99.999951,0.119722,107,0,100.143557,99.99989,0.143667,106,0,112,0.03,0.292171,0.108482,0.086156,"F_BANORTE_19001","03/01/2019","31/01/2019",0.0862,0.0862,"MPS","AAA",4,"03/01/2019","25/04/2019",28,112,4,4,0.086325148,0.08632858,0.08633716
"08/01/2019","BANORTE",100.120088,99.999949,0.120139,163,0,100.144055,99.999888,0.144167,162,0,168,0.06,0.44208,0.23171,0.086456,"F_BANORTE_19002","03/01/2019","31/01/2019",0.0865,0.0865,"MPS","AAA",4,"03/01/2019","20/06/2019",28,168,6,6,0.086325148,0.08632858,0.08633716
"08/01/2019","BANORTE",100.114314,99.99487,0.119444,107,0,100.138363,99.99503,0.143333,106,0,112,0.09,0.29215,0.108468,0.086756,"F_BANORTE_19003","03/01/2019","31/01/2019",0.086,0.086,"MPS","AAA",4,"03/01/2019","25/04/2019",28,112,4,4,0.086325148,0.08632858,0.08633716
"08/01/2019","BANORTE",100.096569,100.000013,0.096556,192,0,100.12064,99.999946,0.120694,191,0,196,0.1,0.518988,0.312944,0.086856,"F_BANORTE_19004","04/01/2019","01/02/2019",0.0869,0.0869,"MPS","AAA",4,"04/01/2019","19/07/2019",28,196,7,7,0.086325148,0.08632858,0.08633716
"08/01/2019","BANORTE",100.024309,100.00017,0.024139,252,0,100.048363,100.000085,0.048278,251,0,253,0.1,0.676783,0.518161,0.086856,"F_BANORTE_19005","07/01/2019","04/02/2019",0.0869,0.0869,"MPS","AAA",4,"07/01/2019","17/09/2019",28,253,9.035714286,9,0.086325148,0.08632858,0.08633716
"08/01/2019","BANORTE",100.00034,100.00034,0,308,0,100.024333,100.00025,0.024083,307,0,308,0.08,0.821942,0.753479,0.086656,"F_BANORTE_19006","08/01/2019","05/02/2019",0.0867,0.0867,"MPS","AAA",4,"08/01/2019","12/11/2019",28,308,11,11,0.086325148,0.08632858,0.08633716
"09/01/2019","START",100.142267,99.999934,0.142333,78,0,100.165934,99.999878,0.166056,77,0,84,-0.05,0.213712,0.06238,0.08535,"93_START_00119","03/01/2019","31/01/2019",0.0854,0.0854,"MPS","AAA",4,"03/01/2019","28/03/2019",28,84,3,3,0.086325148,0.08632858,0.08633716
"09/01/2019","BACTINV",100.000386,100.000386,0,336,0,100.025261,100.000289,0.024972,335,0,336,0.4,0.892281,0.884497,0.08985,"F_BACTINV_19001","09/01/2019","06/02/2019",0.0899,0.0899,"MPS","AAA",4,"09/01/2019","11/12/2019",28,336,12,12,0.086325148,0.08632858,0.08633716
"09/01/2019","BANOBRA",100.047357,100.023864,0.023493,195,0,100.070656,100.02367,0.046986,194,0,196,-0.174999,0.52766,0.322612,0.08410001,"F_BANOBRA_19005","08/01/2019","05/02/2019",0.084575,0.084575,"MPS","AAA",3,"08/01/2019","23/07/2019",28,196,7,7,0.086325148,0.08632858,0.08633716
"09/01/2019","BANOBRA",100.023927,100.023927,0,196,0,100.04722,100.023732,0.023488,195,0,196,-0.175017,0.530421,0.325746,0.08409983,"F_BANOBRA_19006","09/01/2019","06/02/2019",0.084556,0.084556,"MPS","AAA",3,"09/01/2019","24/07/2019",28,196,7,7,0.086325148,0.08632858,0.08633716
"09/01/2019","BANORTE",100.143594,99.999927,0.143667,106,0,100.167482,99.999871,0.167611,105,0,112,0.03,0.289412,0.106665,0.08615,"F_BANORTE_19001","03/01/2019","31/01/2019",0.0862,0.0862,"MPS","AAA",4,"03/01/2019","25/04/2019",28,112,4,4,0.086325148,0.08632858,0.08633716
"09/01/2019","BANORTE",100.144091,99.999924,0.144167,162,0,100.168062,99.999868,0.168194,161,0,168,0.06,0.439321,0.229066,0.08645,"F_BANORTE_19002","03/01/2019","31/01/2019",0.0865,0.0865,"MPS","AAA",4,"03/01/2019","20/06/2019",28,168,6,6,0.086325148,0.08632858,0.08633716
"09/01/2019","BANORTE",100.138399,99.995066,0.143333,106,0,100.162451,99.995229,0.167222,105,0,112,0.09,0.289392,0.106651,0.08675,"F_BANORTE_19003","03/01/2019","31/01/2019",0.086,0.086,"MPS","AAA",4,"03/01/2019","25/04/2019",28,112,4,4,0.086325148,0.08632858,0.08633716
"09/01/2019","BANORTE",100.120678,99.999984,0.120694,191,0,100.144754,99.999921,0.144833,190,0,196,0.1,0.516229,0.309875,0.08685,"F_BANORTE_19004","04/01/2019","01/02/2019",0.0869,0.0869,"MPS","AAA",4,"04/01/2019","19/07/2019",28,196,7,7,0.086325148,0.08632858,0.08633716
"09/01/2019","BANORTE",100.048407,100.000129,0.048278,251,0,100.072465,100.000048,0.072417,250,0,253,0.1,0.674025,0.514223,0.08685,"F_BANORTE_19005","07/01/2019","04/02/2019",0.0869,0.0869,"MPS","AAA",4,"07/01/2019","17/09/2019",28,253,9.035714286,9,0.086325148,0.08632858,0.08633716
"09/01/2019","BANORTE",100.024378,100.000295,0.024083,307,0,100.048375,100.000208,0.048167,306,0,308,0.08,0.819185,0.748741,0.08665,"F_BANORTE_19006","08/01/2019","05/02/2019",0.0867,0.0867,"MPS","AAA",4,"08/01/2019","12/11/2019",28,308,11,11,0.086325148,0.08632858,0.08633716
"10/01/2019","FINBE",100.000456,100.000456,0,28,0,100.025052,100.000358,0.024694,27,0,28,0.3,0.077244,0.011933,0.088841,"93_FINBE_00119","10/01/2019","07/02/2019",0.0889,0.0889,"MPS","AAA",4,"10/01/2019","07/02/2019",28,28,1,1,0.086325148,0.08632858,0.08633716
"10/01/2019","START",100.165986,99.99993,0.166056,77,0,100.189656,99.999878,0.189778,76,0,84,-0.05,0.210953,0.060995,0.085341,"93_START_00119","03/01/2019","31/01/2019",0.0854,0.0854,"MPS","AAA",4,"03/01/2019","28/03/2019",28,84,3,3,0.086325148,0.08632858,0.08633716
"10/01/2019","START",100.000456,100.000456,0,84,0,100.024086,100.000364,0.023722,83,0,84,-0.05,0.230269,0.07101,0.085341,"93_START_00219","10/01/2019","07/02/2019",0.0854,0.0854,"MPS","AAA",4,"10/01/2019","04/04/2019",28,84,3,3,0.086325148,0.08632858,0.08633716
"10/01/2019","BACTINV",100.025328,100.000356,0.024972,335,0,100.050206,100.000262,0.049944,334,0,336,0.4,0.889526,0.879374,0.089841,"F_BACTINV_19001","09/01/2019","06/02/2019",0.0899,0.0899,"MPS","AAA",4,"09/01/2019","11/12/2019",28,336,12,12,0.086325148,0.08632858,0.08633716
"10/01/2019","BACTINV",100.225259,100.225259,0,337,0,100.249493,100.224521,0.024972,336,0,337,0.149,0.895063,0.88985,0.087331,"F_BACTINV_19002","10/01/2019","07/02/2019",0.0899,0.0899,"MPS","AAA",4,"10/01/2019","13/12/2019",28,337,12.03571429,12,0.086325148,0.08632858,0.08633716
"10/01/2019","BACTINV",100.000456,100.000456,0,28,0,100.024224,100.000363,0.023861,27,0,28,0,0.077262,0.011939,0.085841,"F_BACTINV_19003","10/01/2019","07/02/2019",0.0859,0.0859,"MPS","AAA",4,"10/01/2019","07/02/2019",28,28,1,1,0.086325148,0.08632858,0.08633716
"10/01/2019","BACTINV",100.000456,100.000456,0,56,0,100.0245,100.000361,0.024139,55,0,56,0.1,0.153993,0.035651,0.086841,"F_BACTINV_19004","10/01/2019","07/02/2019",0.0869,0.0869,"MPS","AAA",4,"10/01/2019","07/03/2019",28,56,2,2,0.086325148,0.08632858,0.08633716
"10/01/2019","BACTINV",100.000456,100.000456,0,84,0,100.024638,100.00036,0.024278,83,0,84,0.15,0.230198,0.070973,0.087341,"F_BACTINV_19005","10/01/2019","07/02/2019",0.0874,0.0874,"MPS","AAA",4,"10/01/2019","04/04/2019",28,84,3,3,0.086325148,0.08632858,0.08633716
"10/01/2019","BACTINV",100.000456,100.000456,0,112,0,100.024776,100.000359,0.024417,111,0,112,0.2,0.305868,0.117739,0.087841,"F_BACTINV_19006","10/01/2019","07/02/2019",0.0879,0.0879,"MPS","AAA",4,"10/01/2019","02/05/2019",28,112,4,4,0.086325148,0.08632858,0.08633716
"10/01/2019","BACTINV",100.000456,100.000456,0,140,0,100.024914,100.000358,0.024556,139,0,140,0.25,0.380998,0.17578,0.088341,"F_BACTINV_19007","10/01/2019","07/02/2019",0.0884,0.0884,"MPS","AAA",4,"10/01/2019","30/05/2019",28,140,5,5,0.086325148,0.08632858,0.08633716
"10/01/2019","BACTINV",100.000456,100.000456,0,168,0,100.025052,100.000358,0.024694,167,0,168,0.3,0.455584,0.244924,0.088841,"F_BACTINV_19008","10/01/2019","07/02/2019",0.0889,0.0889,"MPS","AAA",4,"10/01/2019","27/06/2019",28,168,6,6,0.086325148,0.08632858,0.08633716
"10/01/2019","BANOBRA",100.070721,100.023735,0.046986,194,0,100.094023,100.023544,0.070479,193,0,196,-0.174999,0.524902,0.319495,0.08409101,"F_BANOBRA_19005","08/01/2019","05/02/2019",0.084575,0.084575,"MPS","AAA",3,"08/01/2019","23/07/2019",28,196,7,7,0.086325148,0.08632858,0.08633716
"10/01/2019","BANOBRA",100.047287,100.023799,0.023488,195,0,100.070583,100.023607,0.046976,194,0,196,-0.175017,0.527662,0.322614,0.08409083,"F_BANOBRA_19006","09/01/2019","06/02/2019",0.084556,0.084556,"MPS","AAA",3,"09/01/2019","24/07/2019",28,196,7,7,0.086325148,0.08632858,0.08633716
"10/01/2019","BANOBRA",100.00007,100.00007,0,364,0,100.023672,99.999991,0.023681,363,0,364,-0.06,0.965701,1.030812,0.085241,"F_BANOBRA_19011","10/01/2019","07/02/2019",0.08525,0.08525,"MPS","AAA",3,"10/01/2019","09/01/2020",28,364,13,13,0.086325148,0.08632858,0.08633716
"10/01/2019","BANORTE",100.167534,99.999923,0.167611,105,0,100.191425,99.999869,0.191556,104,0,112,0.03,0.286653,0.104862,0.086141,"F_BANORTE_19001","03/01/2019","31/01/2019",0.0862,0.0862,"MPS","AAA",4,"03/01/2019","25/04/2019",28,112,4,4,0.086325148,0.08632858,0.08633716
"10/01/2019","BANORTE",100.168114,99.99992,0.168194,161,0,100.192088,99.999866,0.192222,160,0,168,0.06,0.436563,0.226436,0.086441,"F_BANORTE_19002","03/01/2019","31/01/2019",0.0865,0.0865,"MPS","AAA",4,"03/01/2019","20/06/2019",28,168,6,6,0.086325148,0.08632858,0.08633716
"10/01/2019","BANORTE",100.162504,99.995282,0.167222,105,0,100.186559,99.995448,0.191111,104,0,112,0.09,0.286633,0.104848,0.086741,"F_BANORTE_19003","03/01/2019","31/01/2019",0.086,0.086,"MPS","AAA",4,"03/01/2019","25/04/2019",28,112,4,4,0.086325148,0.08632858,0.08633716
"10/01/2019","BANORTE",100.144809,99.999976,0.144833,190,0,100.168888,99.999916,0.168972,189,0,196,0.1,0.513471,0.306822,0.086841,"F_BANORTE_19004","04/01/2019","01/02/2019",0.0869,0.0869,"MPS","AAA",4,"04/01/2019","19/07/2019",28,196,7,7,0.086325148,0.08632858,0.08633716
"10/01/2019","BANORTE",100.072527,100.00011,0.072417,250,0,100.096589,100.000033,0.096556,249,0,253,0.1,0.671268,0.5103,0.086841,"F_BANORTE_19005","07/01/2019","04/02/2019",0.0869,0.0869,"MPS","AAA",4,"07/01/2019","17/09/2019",28,253,9.035714286,9,0.086325148,0.08632858,0.08633716
"10/01/2019","BANORTE",100.04844,100.000273,0.048167,306,0,100.072441,100.000191,0.07225,305,0,308,0.08,0.816428,0.744019,0.086641,"F_BANORTE_19006","08/01/2019","05/02/2019",0.0867,0.0867,"MPS","AAA",4,"08/01/2019","12/11/2019",28,308,11,11,0.086325148,0.08632858,0.08633716
"11/01/2019","BACTINV",100.049424,99.99948,0.049944,334,0,100.124186,99.999325,0.124861,331,0,336,0.4,0.886727,0.8742,0.08995,"F_BACTINV_19001","09/01/2019","06/02/2019",0.0899,0.0899,"MPS","AAA",4,"09/01/2019","11/12/2019",28,336,12,12,0.086325148,0.08632858,0.08633716
"11/01/2019","BACTINV",100.248668,100.223696,0.024972,336,0,100.321495,100.221606,0.099889,333,0,337,0.149,0.892262,0.884643,0.08744,"F_BACTINV_19002","10/01/2019","07/02/2019",0.0899,0.0899,"MPS","AAA",4,"10/01/2019","13/12/2019",28,337,12.03571429,12,0.086325148,0.08632858,0.08633716
"11/01/2019","BACTINV",100.023412,99.999551,0.023861,27,0,100.094841,99.999397,0.095444,24,0,28,0,0.074502,0.011307,0.08595,"F_BACTINV_19003","10/01/2019","07/02/2019",0.0859,0.0859,"MPS","AAA",4,"10/01/2019","07/02/2019",28,28,1,1,0.086325148,0.08632858,0.08633716
"11/01/2019","BACTINV",100.023688,99.999549,0.024139,55,0,100.095946,99.99939,0.096556,52,0,56,0.1,0.151233,0.034595,0.08695,"F_BACTINV_19004","10/01/2019","07/02/2019",0.0869,0.0869,"MPS","AAA",4,"10/01/2019","07/03/2019",28,56,2,2,0.086325148,0.08632858,0.08633716
"11/01/2019","BACTINV",100.023826,99.999548,0.024278,83,0,100.096498,99.999387,0.097111,80,0,84,0.15,0.227436,0.069496,0.08745,"F_BACTINV_19005","10/01/2019","07/02/2019",0.0874,0.0874,"MPS","AAA",4,"10/01/2019","04/04/2019",28,84,3,3,0.086325148,0.08632858,0.08633716
"11/01/2019","BACTINV",100.023964,99.999547,0.024417,111,0,100.09705,99.999383,0.097667,108,0,112,0.2,0.303105,0.115843,0.08795,"F_BACTINV_19006","10/01/2019","07/02/2019",0.0879,0.0879,"MPS","AAA",4,"10/01/2019","02/05/2019",28,112,4,4,0.086325148,0.08632858,0.08633716
"11/01/2019","BACTINV",100.024102,99.999546,0.024556,139,0,100.097603,99.999381,0.098222,136,0,140,0.25,0.378232,0.173466,0.08845,"F_BACTINV_19007","10/01/2019","07/02/2019",0.0884,0.0884,"MPS","AAA",4,"10/01/2019","30/05/2019",28,140,5,5,0.086325148,0.08632858,0.08633716
"11/01/2019","BACTINV",100.02424,99.999546,0.024694,167,0,100.098155,99.999377,0.098778,164,0,168,0.3,0.452815,0.242196,0.08895,"F_BACTINV_19008","10/01/2019","07/02/2019",0.0889,0.0889,"MPS","AAA",4,"10/01/2019","27/06/2019",28,168,6,6,0.086325148,0.08632858,0.08633716
"11/01/2019","FINBE",100.02424,99.999546,0.024694,27,0,100.098155,99.999377,0.098778,24,0,28,0.3,0.074485,0.011301,0.08895,"93_FINBE_00119","10/01/2019","07/02/2019",0.0889,0.0889,"MPS","AAA",4,"10/01/2019","07/02/2019",28,28,1,1,0.086325148,0.08632858,0.08633716
"11/01/2019","BANOBRA",100.093269,100.02279,0.070479,193,0,100.163297,100.022339,0.140958,190,0,196,-0.174999,0.522128,0.316379,0.08420001,"F_BANOBRA_19005","08/01/2019","05/02/2019",0.084575,0.084575,"MPS","AAA",3,"08/01/2019","23/07/2019",28,196,7,7,0.086325148,0.08632858,0.08633716
"11/01/2019","BANOBRA",100.0698,100.022824,0.046976,194,0,100.139811,100.022372,0.117439,191,0,196,-0.175017,0.524889,0.319482,0.08419983,"F_BANOBRA_19006","09/01/2019","06/02/2019",0.084556,0.084556,"MPS","AAA",3,"09/01/2019","24/07/2019",28,196,7,7,0.086325148,0.08632858,0.08633716
"11/01/2019","BANOBRA",100.02286,99.999179,0.023681,363,0,100.093791,99.999069,0.094722,360,0,364,-0.06,0.962893,1.025199,0.08535,"F_BANOBRA_19011","10/01/2019","07/02/2019",0.08525,0.08525,"MPS","AAA",3,"10/01/2019","09/01/2020",28,364,13,13,0.086325148,0.08632858,0.08633716
"11/01/2019","BANOBRA",100.023037,100.023037,0,196,0,100.093016,100.022565,0.070451,193,0,196,-0.175017,0.530409,0.325734,0.08419983,"F_BANOBRA_19012","11/01/2019","08/02/2019",0.084541,0.084541,"MPS","AAA",3,"11/01/2019","26/07/2019",28,196,7,7,0.086325148,0.08632858,0.08633716
"11/01/2019","BANORTE",100.190822,99.999266,0.191556,104,0,100.26262,99.999231,0.263389,101,0,112,0.03,0.283889,0.103072,0.08625,"F_BANORTE_19001","03/01/2019","31/01/2019",0.0862,0.0862,"MPS","AAA",4,"03/01/2019","25/04/2019",28,112,4,4,0.086325148,0.08632858,0.08633716
"11/01/2019","START",100.189053,99.999275,0.189778,76,0,100.260185,99.999241,0.260944,73,0,84,-0.05,0.208191,0.059624,0.08545,"93_START_00119","03/01/2019","31/01/2019",0.0854,0.0854,"MPS","AAA",4,"03/01/2019","28/03/2019",28,84,3,3,0.086325148,0.08632858,0.08633716
"11/01/2019","START",100.023274,99.999552,0.023722,83,0,100.094288,99.999399,0.094889,80,0,84,-0.05,0.227507,0.069532,0.08545,"93_START_00219","10/01/2019","07/02/2019",0.0854,0.0854,"MPS","AAA",4,"10/01/2019","04/04/2019",28,84,3,3,0.086325148,0.08632858,0.08633716
"11/01/2019","BANORTE",100.191486,99.999264,0.192222,160,0,100.263533,99.999227,0.264306,157,0,168,0.06,0.433794,0.223813,0.08655,"F_BANORTE_19002","03/01/2019","31/01/2019",0.0865,0.0865,"MPS","AAA",4,"03/01/2019","20/06/2019",28,168,6,6,0.086325148,0.08632858,0.08633716
"11/01/2019","BANORTE",100.185957,99.994846,0.191111,104,0,100.258249,99.995471,0.262778,101,0,112,0.09,0.283869,0.103058,0.08685,"F_BANORTE_19003","03/01/2019","31/01/2019",0.086,0.086,"MPS","AAA",4,"03/01/2019","25/04/2019",28,112,4,4,0.086325148,0.08632858,0.08633716
"11/01/2019","BANORTE",100.168255,99.999283,0.168972,189,0,100.240617,99.999228,0.241389,186,0,196,0.1,0.510698,0.30377,0.08695,"F_BANORTE_19004","04/01/2019","01/02/2019",0.0869,0.0869,"MPS","AAA",4,"04/01/2019","19/07/2019",28,196,7,7,0.086325148,0.08632858,0.08633716
"11/01/2019","BANORTE",100.095866,99.99931,0.096556,249,0,100.168176,99.999204,0.168972,246,0,253,0.1,0.668486,0.506363,0.08695,"F_BANORTE_19005","07/01/2019","04/02/2019",0.0869,0.0869,"MPS","AAA",4,"07/01/2019","17/09/2019",28,253,9.035714286,9,0.086325148,0.08632858,0.08633716
"11/01/2019","BANORTE",100.071688,99.999438,0.07225,305,0,100.143815,99.999315,0.1445,302,0,308,0.08,0.813634,0.73926,0.08675,"F_BANORTE_19006","08/01/2019","05/02/2019",0.0867,0.0867,"MPS","AAA",4,"08/01/2019","12/11/2019",28,308,11,11,0.086325148,0.08632858,0.08633716
"11/01/2019","BANSAN",99.999158,99.999158,0,364,0,100.070818,99.999034,0.071784,361,0,364,0.03,0.965189,1.030023,0.08625,"F_BANSAN_19003","11/01/2019","08/02/2019",0.086141,0.086141,"MPS","AAA",3,"11/01/2019","10/01/2020",28,364,13,13,0.086325148,0.08632858,0.08633716
"11/01/2019","BANSAN",99.999158,99.999158,0,364,0,100.070818,99.999034,0.071784,361,0,364,0.03,0.965189,1.030023,0.08625,"F_BANSAN_19004","11/01/2019","08/02/2019",0.086141,0.086141,"MPS","AAA",3,"11/01/2019","10/01/2020",28,364,13,13,0.086325148,0.08632858,0.08633716
"11/01/2019","HSBCMX",100.000124,100.000124,0,168,0,100.072761,99.999977,0.072784,165,0,168,0.15,0.455539,0.247343,0.08745,"F_HSBCMX_19001","11/01/2019","08/02/2019",0.087341,0.087341,"MPS","AAA",3,"11/01/2019","28/06/2019",28,168,6,6,0.086325148,0.08632858,0.08633716
"11/01/2019","HSBCMX",100.000124,100.000124,0,168,0,100.072761,99.999977,0.072784,165,0,168,0.15,0.455539,0.247343,0.08745,"F_HSBCMX_19002","11/01/2019","08/02/2019",0.087341,0.087341,"MPS","AAA",3,"11/01/2019","28/06/2019",28,168,6,6,0.086325148,0.08632858,0.08633716
"14/01/2019","BACTINV",100.124186,99.999325,0.124861,331,0,100.14912,99.999287,0.149833,330,0,336,0.4,0.878451,0.858953,0.08995,"F_BACTINV_19001","09/01/2019","06/02/2019",0.0899,0.0899,"MPS","AAA",4,"09/01/2019","11/12/2019",28,336,12,12,0.086325148,0.08632858,0.08633716
"14/01/2019","BACTINV",100.321495,100.221606,0.099889,333,0,100.345783,100.220922,0.124861,332,0,337,0.149,0.883985,0.869302,0.08744,"F_BACTINV_19002","10/01/2019","07/02/2019",0.0899,0.0899,"MPS","AAA",4,"10/01/2019","13/12/2019",28,337,12.03571429,12,0.086325148,0.08632858,0.08633716
"14/01/2019","BACTINV",100.094841,99.999397,0.095444,24,0,100.118662,99.999356,0.119306,23,0,28,0,0.066224,0.009502,0.08595,"F_BACTINV_19003","10/01/2019","07/02/2019",0.0859,0.0859,"MPS","AAA",4,"10/01/2019","07/02/2019",28,28,1,1,0.086325148,0.08632858,0.08633716
"14/01/2019","BACTINV",100.095946,99.99939,0.096556,52,0,100.120043,99.999349,0.120694,51,0,56,0.1,0.142956,0.03152,0.08695,"F_BACTINV_19004","10/01/2019","07/02/2019",0.0869,0.0869,"MPS","AAA",4,"10/01/2019","07/03/2019",28,56,2,2,0.086325148,0.08632858,0.08633716
"14/01/2019","BACTINV",100.096498,99.999387,0.097111,80,0,100.120734,99.999345,0.121389,79,0,84,0.15,0.219159,0.06516,0.08745,"F_BACTINV_19005","10/01/2019","07/02/2019",0.0874,0.0874,"MPS","AAA",4,"10/01/2019","04/04/2019",28,84,3,3,0.086325148,0.08632858,0.08633716
"14/01/2019","BACTINV",100.09705,99.999383,0.097667,108,0,100.121424,99.999341,0.122083,107,0,112,0.2,0.294828,0.110255,0.08795,"F_BACTINV_19006","10/01/2019","07/02/2019",0.0879,0.0879,"MPS","AAA",4,"10/01/2019","02/05/2019",28,112,4,4,0.086325148,0.08632858,0.08633716
"14/01/2019","BACTINV",100.097603,99.999381,0.098222,136,0,100.122115,99.999337,0.122778,135,0,140,0.25,0.369956,0.166635,0.08845,"F_BACTINV_19007","10/01/2019","07/02/2019",0.0884,0.0884,"MPS","AAA",4,"10/01/2019","30/05/2019",28,140,5,5,0.086325148,0.08632858,0.08633716
"14/01/2019","BACTINV",100.098155,99.999377,0.098778,164,0,100.122805,99.999333,0.123472,163,0,168,0.3,0.444539,0.23413,0.08895,"F_BACTINV_19008","10/01/2019","07/02/2019",0.0889,0.0889,"MPS","AAA",4,"10/01/2019","27/06/2019",28,168,6,6,0.086325148,0.08632858,0.08633716
"14/01/2019","FINBE",100.098155,99.999377,0.098778,24,0,100.122805,99.999333,0.123472,23,0,28,0.3,0.066209,0.009498,0.08895,"93_FINBE_00119","10/01/2019","07/02/2019",0.0889,0.0889,"MPS","AAA",4,"10/01/2019","07/02/2019",28,28,1,1,0.086325148,0.08632858,0.08633716
"14/01/2019","BANOBRA",100.163297,100.022339,0.140958,190,0,100.18665,100.022199,0.164451,189,0,196,-0.174999,0.513849,0.307162,0.08420001,"F_BANOBRA_19005","08/01/2019","05/02/2019",0.084575,0.084575,"MPS","AAA",3,"08/01/2019","23/07/2019",28,196,7,7,0.086325148,0.08632858,0.08633716
"14/01/2019","BANOBRA",100.139811,100.022372,0.117439,191,0,100.163159,100.022232,0.140927,190,0,196,-0.175017,0.51661,0.31022,0.08419983,"F_BANOBRA_19006","09/01/2019","06/02/2019",0.084556,0.084556,"MPS","AAA",3,"09/01/2019","24/07/2019",28,196,7,7,0.086325148,0.08632858,0.08633716
"14/01/2019","BANOBRA",100.093791,99.999069,0.094722,360,0,100.117446,99.999043,0.118403,359,0,364,-0.06,0.954614,1.008685,0.08535,"F_BANOBRA_19011","10/01/2019","07/02/2019",0.08525,0.08525,"MPS","AAA",3,"10/01/2019","09/01/2020",28,364,13,13,0.086325148,0.08632858,0.08633716
"14/01/2019","BANOBRA",100.093016,100.022565,0.070451,193,0,100.116353,100.022419,0.093934,192,0,196,-0.175017,0.522129,0.31638,0.08419983,"F_BANOBRA_19012","11/01/2019","08/02/2019",0.084541,0.084541,"MPS","AAA",3,"11/01/2019","26/07/2019",28,196,7,7,0.086325148,0.08632858,0.08633716
"14/01/2019","BANORTE",100.26262,99.999231,0.263389,101,0,100.286563,99.99923,0.287333,100,0,112,0.03,0.275612,0.097801,0.08625,"F_BANORTE_19001","03/01/2019","31/01/2019",0.0862,0.0862,"MPS","AAA",4,"03/01/2019","25/04/2019",28,112,4,4,0.086325148,0.08632858,0.08633716
"14/01/2019","BANORTE",100.263533,99.999227,0.264306,157,0,100.28756,99.999227,0.288333,156,0,168,0.06,0.425516,0.216061,0.08655,"F_BANORTE_19002","03/01/2019","31/01/2019",0.0865,0.0865,"MPS","AAA",4,"03/01/2019","20/06/2019",28,168,6,6,0.086325148,0.08632858,0.08633716
"14/01/2019","BANORTE",100.258249,99.995471,0.262778,101,0,100.282358,99.995691,0.286667,100,0,112,0.09,0.275592,0.097788,0.08685,"F_BANORTE_19003","03/01/2019","31/01/2019",0.086,0.086,"MPS","AAA",4,"03/01/2019","25/04/2019",28,112,4,4,0.086325148,0.08632858,0.08633716
"14/01/2019","BANORTE",100.240617,99.999228,0.241389,186,0,100.26475,99.999222,0.265528,185,0,196,0.1,0.502421,0.294745,0.08695,"F_BANORTE_19004","04/01/2019","01/02/2019",0.0869,0.0869,"MPS","AAA",4,"04/01/2019","19/07/2019",28,196,7,7,0.086325148,0.08632858,0.08633716
"14/01/2019","BANORTE",100.168176,99.999204,0.168972,246,0,100.192291,99.99918,0.193111,245,0,253,0.1,0.660208,0.494725,0.08695,"F_BANORTE_19005","07/01/2019","04/02/2019",0.0869,0.0869,"MPS","AAA",4,"07/01/2019","17/09/2019",28,253,9.035714286,9,0.086325148,0.08632858,0.08633716
"14/01/2019","BANORTE",100.143815,99.999315,0.1445,302,0,100.167868,99.999285,0.168583,301,0,308,0.08,0.805357,0.725219,0.08675,"F_BANORTE_19006","08/01/2019","05/02/2019",0.0867,0.0867,"MPS","AAA",4,"08/01/2019","12/11/2019",28,308,11,11,0.086325148,0.08632858,0.08633716
"14/01/2019","START",100.260185,99.999241,0.260944,73,0,100.283907,99.99924,0.284667,72,0,84,-0.05,0.199913,0.055606,0.08545,"93_START_00119","03/01/2019","31/01/2019",0.0854,0.0854,"MPS","AAA",4,"03/01/2019","28/03/2019",28,84,3,3,0.086325148,0.08632858,0.08633716
"14/01/2019","START",100.094288,99.999399,0.094889,80,0,100.117971,99.99936,0.118611,79,0,84,-0.05,0.219229,0.065194,0.08545,"93_START_00219","10/01/2019","07/02/2019",0.0854,0.0854,"MPS","AAA",4,"10/01/2019","04/04/2019",28,84,3,3,0.086325148,0.08632858,0.08633716
"14/01/2019","BANSAN",100.070818,99.999034,0.071784,361,0,100.094716,99.999004,0.095712,360,0,364,0.03,0.956911,1.013473,0.08625,"F_BANSAN_19003","11/01/2019","08/02/2019",0.086141,0.086141,"MPS","AAA",3,"11/01/2019","10/01/2020",28,364,13,13,0.086325148,0.08632858,0.08633716
"14/01/2019","BANSAN",100.070818,99.999034,0.071784,361,0,100.095141,99.999368,0.095773,360,0,364,0.03,0.956911,1.013473,0.08625,"F_BANSAN_19004","11/01/2019","08/02/2019",0.086141,0.086196,"MPS","AAA",3,"11/01/2019","10/01/2020",28,364,13,13,0.086325148,0.08632858,0.08633716
"14/01/2019","HSBCMX",100.072761,99.999977,0.072784,165,0,100.096985,99.999939,0.097046,164,0,168,0.15,0.447266,0.23919,0.08745,"F_HSBCMX_19001","11/01/2019","08/02/2019",0.087341,0.087341,"MPS","AAA",3,"11/01/2019","28/06/2019",28,168,6,6,0.086325148,0.08632858,0.08633716
"14/01/2019","HSBCMX",100.072761,99.999977,0.072784,165,0,100.096985,99.999939,0.097046,164,0,168,0.15,0.447266,0.23919,0.08745,"F_HSBCMX_19002","11/01/2019","08/02/2019",0.087341,0.087341,"MPS","AAA",3,"11/01/2019","28/06/2019",28,168,6,6,0.086325148,0.08632858,0.08633716
"15/01/2019","HSBCMX",100.096985,99.999939,0.097046,164,0,100.121215,99.999908,0.121307,163,0,168,0.15,0.444508,0.236503,0.08745,"F_HSBCMX_19001","11/01/2019","08/02/2019",0.087341,0.087341,"MPS","AAA",3,"11/01/2019","28/06/2019",28,168,6,6,0.086325148,0.08632858,0.08633716
"15/01/2019","HSBCMX",100.110334,100.013288,0.097046,164,0,100.134485,100.013178,0.121307,163,0,168,0.12,0.44452,0.236515,0.08715,"F_HSBCMX_19002","11/01/2019","08/02/2019",0.087341,0.087341,"MPS","AAA",3,"11/01/2019","28/06/2019",28,168,6,6,0.086325148,0.08632858,0.08633716
"15/01/2019","FINBE",100.122805,99.999333,0.123472,23,0,100.147462,99.999295,0.148167,22,0,28,0.3,0.06345,0.008927,0.08895,"93_FINBE_00119","10/01/2019","07/02/2019",0.0889,0.0889,"MPS","AAA",4,"10/01/2019","07/02/2019",28,28,1,1,0.086325148,0.08632858,0.08633716
"15/01/2019","START",100.283907,99.99924,0.284667,72,0,100.307634,99.999245,0.308389,71,0,84,-0.05,0.197153,0.054297,0.08545,"93_START_00119","03/01/2019","31/01/2019",0.0854,0.0854,"MPS","AAA",4,"03/01/2019","28/03/2019",28,84,3,3,0.086325148,0.08632858,0.08633716
"15/01/2019","START",100.117971,99.99936,0.118611,79,0,100.141659,99.999326,0.142333,78,0,84,-0.05,0.216469,0.063779,0.08545,"93_START_00219","10/01/2019","07/02/2019",0.0854,0.0854,"MPS","AAA",4,"10/01/2019","04/04/2019",28,84,3,3,0.086325148,0.08632858,0.08633716
"15/01/2019","BACTINV",100.14912,99.999287,0.149833,330,0,100.174059,99.999253,0.174806,329,0,336,0.4,0.875693,0.853901,0.08995,"F_BACTINV_19001","09/01/2019","06/02/2019",0.0899,0.0899,"MPS","AAA",4,"09/01/2019","11/12/2019",28,336,12,12,0.086325148,0.08632858,0.08633716
"15/01/2019","BACTINV",100.345783,100.220922,0.124861,332,0,100.370076,100.220243,0.149833,331,0,337,0.149,0.881226,0.864219,0.08744,"F_BACTINV_19002","10/01/2019","07/02/2019",0.0899,0.0899,"MPS","AAA",4,"10/01/2019","13/12/2019",28,337,12.03571429,12,0.086325148,0.08632858,0.08633716
"15/01/2019","BACTINV",100.118662,99.999356,0.119306,23,0,100.142488,99.999321,0.143167,22,0,28,0,0.063465,0.008931,0.08595,"F_BACTINV_19003","10/01/2019","07/02/2019",0.0859,0.0859,"MPS","AAA",4,"10/01/2019","07/02/2019",28,28,1,1,0.086325148,0.08632858,0.08633716
"15/01/2019","BACTINV",100.120043,99.999349,0.120694,51,0,100.144146,99.999313,0.144833,50,0,56,0.1,0.140196,0.030526,0.08695,"F_BACTINV_19004","10/01/2019","07/02/2019",0.0869,0.0869,"MPS","AAA",4,"10/01/2019","07/03/2019",28,56,2,2,0.086325148,0.08632858,0.08633716
"15/01/2019","BACTINV",100.120734,99.999345,0.121389,79,0,100.144975,99.999308,0.145667,78,0,84,0.15,0.2164,0.063745,0.08745,"F_BACTINV_19005","10/01/2019","07/02/2019",0.0874,0.0874,"MPS","AAA",4,"10/01/2019","04/04/2019",28,84,3,3,0.086325148,0.08632858,0.08633716
"15/01/2019","BACTINV",100.121424,99.999341,0.122083,107,0,100.145804,99.999304,0.1465,106,0,112,0.2,0.292069,0.108422,0.08795,"F_BACTINV_19006","10/01/2019","07/02/2019",0.0879,0.0879,"MPS","AAA",4,"10/01/2019","02/05/2019",28,112,4,4,0.086325148,0.08632858,0.08633716
"15/01/2019","BACTINV",100.122115,99.999337,0.122778,135,0,100.146633,99.9993,0.147333,134,0,140,0.25,0.367197,0.164388,0.08845,"F_BACTINV_19007","10/01/2019","07/02/2019",0.0884,0.0884,"MPS","AAA",4,"10/01/2019","30/05/2019",28,140,5,5,0.086325148,0.08632858,0.08633716
"15/01/2019","BACTINV",100.122805,99.999333,0.123472,163,0,100.147462,99.999295,0.148167,162,0,168,0.3,0.44178,0.231472,0.08895,"F_BACTINV_19008","10/01/2019","07/02/2019",0.0889,0.0889,"MPS","AAA",4,"10/01/2019","27/06/2019",28,168,6,6,0.086325148,0.08632858,0.08633716
"15/01/2019","BANOBRA",100.18665,100.022199,0.164451,189,0,100.210009,100.022065,0.187944,188,0,196,-0.174999,0.511089,0.304121,0.08420001,"F_BANOBRA_19005","08/01/2019","05/02/2019",0.084575,0.084575,"MPS","AAA",3,"08/01/2019","23/07/2019",28,196,7,7,0.086325148,0.08632858,0.08633716
"15/01/2019","BANOBRA",100.163159,100.022232,0.140927,190,0,100.186512,100.022098,0.164414,189,0,196,-0.175017,0.51385,0.307163,0.08419983,"F_BANOBRA_19006","09/01/2019","06/02/2019",0.084556,0.084556,"MPS","AAA",3,"09/01/2019","24/07/2019",28,196,7,7,0.086325148,0.08632858,0.08633716
"15/01/2019","BANOBRA",100.117446,99.999043,0.118403,359,0,100.141107,99.999024,0.142083,358,0,364,-0.06,0.951855,1.003211,0.08535,"F_BANOBRA_19011","10/01/2019","07/02/2019",0.08525,0.08525,"MPS","AAA",3,"10/01/2019","09/01/2020",28,364,13,13,0.086325148,0.08632858,0.08633716
"15/01/2019","BANOBRA",100.116353,100.022419,0.093934,192,0,100.139695,100.022277,0.117418,191,0,196,-0.175017,0.51937,0.313292,0.08419983,"F_BANOBRA_19012","11/01/2019","08/02/2019",0.084541,0.084541,"MPS","AAA",3,"11/01/2019","26/07/2019",28,196,7,7,0.086325148,0.08632858,0.08633716
"15/01/2019","BANORTE",100.286563,99.99923,0.287333,100,0,100.310513,99.999235,0.311278,99,0,112,0.03,0.272852,0.096074,0.08625,"F_BANORTE_19001","03/01/2019","31/01/2019",0.0862,0.0862,"MPS","AAA",4,"03/01/2019","25/04/2019",28,112,4,4,0.086325148,0.08632858,0.08633716
"15/01/2019","BANORTE",100.28756,99.999227,0.288333,156,0,100.311593,99.999232,0.312361,155,0,168,0.06,0.422757,0.213507,0.08655,"F_BANORTE_19002","03/01/2019","31/01/2019",0.0865,0.0865,"MPS","AAA",4,"03/01/2019","20/06/2019",28,168,6,6,0.086325148,0.08632858,0.08633716
"15/01/2019","BANORTE",100.282358,99.995691,0.286667,100,0,100.306472,99.995916,0.310556,99,0,112,0.09,0.272833,0.096062,0.08685,"F_BANORTE_19003","03/01/2019","31/01/2019",0.086,0.086,"MPS","AAA",4,"03/01/2019","25/04/2019",28,112,4,4,0.086325148,0.08632858,0.08633716
"15/01/2019","BANORTE",100.26475,99.999222,0.265528,185,0,100.288888,99.999221,0.289667,184,0,196,0.1,0.499662,0.291767,0.08695,"F_BANORTE_19004","04/01/2019","01/02/2019",0.0869,0.0869,"MPS","AAA",4,"04/01/2019","19/07/2019",28,196,7,7,0.086325148,0.08632858,0.08633716
"15/01/2019","BANORTE",100.192291,99.99918,0.193111,245,0,100.216411,99.999161,0.21725,244,0,253,0.1,0.657449,0.490877,0.08695,"F_BANORTE_19005","07/01/2019","04/02/2019",0.0869,0.0869,"MPS","AAA",4,"07/01/2019","17/09/2019",28,253,9.035714286,9,0.086325148,0.08632858,0.08633716
"15/01/2019","BANORTE",100.167868,99.999285,0.168583,301,0,100.191928,99.999261,0.192667,300,0,308,0.08,0.802598,0.72057,0.08675,"F_BANORTE_19006","08/01/2019","05/02/2019",0.0867,0.0867,"MPS","AAA",4,"08/01/2019","12/11/2019",28,308,11,11,0.086325148,0.08632858,0.08633716
"15/01/2019","BANSAN",100.094716,99.999004,0.095712,360,0,100.11862,99.99898,0.11964,359,0,364,0.03,0.954152,1.007986,0.08625,"F_BANSAN_19003","11/01/2019","08/02/2019",0.086141,0.086141,"MPS","AAA",3,"11/01/2019","10/01/2020",28,364,13,13,0.086325148,0.08632858,0.08633716
"15/01/2019","BANSAN",100.095141,99.999368,0.095773,360,0,100.119184,99.999442,0.119742,359,0,364,0.03,0.954148,1.007982,0.08625,"F_BANSAN_19004","11/01/2019","08/02/2019",0.086196,0.086214,"MPS","AAA",3,"11/01/2019","10/01/2020",28,364,13,13,0.086325148,0.08632858,0.08633716
"15/01/2019","FINBE",100.122805,99.999333,0.123472,23,0,100.147462,99.999295,0.148167,22,0,28,0.3,0.06345,0.008927,0.08895,"93_FINBE_00119","10/01/2019","07/02/2019",0.0889,0.0889,"MPS","AAA",4,"10/01/2019","07/02/2019",28,28,1,1,0.086325148,0.08632858,0.08633716
"15/01/2019","BACTINV",100.14912,99.999287,0.149833,330,0,100.174059,99.999253,0.174806,329,0,336,0.4,0.875693,0.853901,0.08995,"F_BACTINV_19001","09/01/2019","06/02/2019",0.0899,0.0899,"MPS","AAA",4,"09/01/2019","11/12/2019",28,336,12,12,0.086325148,0.08632858,0.08633716
"15/01/2019","BACTINV",100.345783,100.220922,0.124861,332,0,100.370076,100.220243,0.149833,331,0,337,0.149,0.881226,0.864219,0.08744,"F_BACTINV_19002","10/01/2019","07/02/2019",0.0899,0.0899,"MPS","AAA",4,"10/01/2019","13/12/2019",28,337,12.03571429,12,0.086325148,0.08632858,0.08633716
"15/01/2019","BACTINV",100.118662,99.999356,0.119306,23,0,100.142488,99.999321,0.143167,22,0,28,0,0.063465,0.008931,0.08595,"F_BACTINV_19003","10/01/2019","07/02/2019",0.0859,0.0859,"MPS","AAA",4,"10/01/2019","07/02/2019",28,28,1,1,0.086325148,0.08632858,0.08633716
"15/01/2019","START",100.283907,99.99924,0.284667,72,0,100.307634,99.999245,0.308389,71,0,84,-0.05,0.197153,0.054297,0.08545,"93_START_00119","03/01/2019","31/01/2019",0.0854,0.0854,"MPS","AAA",4,"03/01/2019","28/03/2019",28,84,3,3,0.086325148,0.08632858,0.08633716
"15/01/2019","START",100.117971,99.99936,0.118611,79,0,100.141659,99.999326,0.142333,78,0,84,-0.05,0.216469,0.063779,0.08545,"93_START_00219","10/01/2019","07/02/2019",0.0854,0.0854,"MPS","AAA",4,"10/01/2019","04/04/2019",28,84,3,3,0.086325148,0.08632858,0.08633716
"15/01/2019","BACTINV",100.120043,99.999349,0.120694,51,0,100.144146,99.999313,0.144833,50,0,56,0.1,0.140196,0.030526,0.08695,"F_BACTINV_19004","10/01/2019","07/02/2019",0.0869,0.0869,"MPS","AAA",4,"10/01/2019","07/03/2019",28,56,2,2,0.086325148,0.08632858,0.08633716
"15/01/2019","BACTINV",100.120734,99.999345,0.121389,79,0,100.144975,99.999308,0.145667,78,0,84,0.15,0.2164,0.063745,0.08745,"F_BACTINV_19005","10/01/2019","07/02/2019",0.0874,0.0874,"MPS","AAA",4,"10/01/2019","04/04/2019",28,84,3,3,0.086325148,0.08632858,0.08633716
"15/01/2019","BACTINV",100.121424,99.999341,0.122083,107,0,100.145804,99.999304,0.1465,106,0,112,0.2,0.292069,0.108422,0.08795,"F_BACTINV_19006","10/01/2019","07/02/2019",0.0879,0.0879,"MPS","AAA",4,"10/01/2019","02/05/2019",28,112,4,4,0.086325148,0.08632858,0.08633716
"15/01/2019","BACTINV",100.122115,99.999337,0.122778,135,0,100.146633,99.9993,0.147333,134,0,140,0.25,0.367197,0.164388,0.08845,"F_BACTINV_19007","10/01/2019","07/02/2019",0.0884,0.0884,"MPS","AAA",4,"10/01/2019","30/05/2019",28,140,5,5,0.086325148,0.08632858,0.08633716
"15/01/2019","BACTINV",100.122805,99.999333,0.123472,163,0,100.147462,99.999295,0.148167,162,0,168,0.3,0.44178,0.231472,0.08895,"F_BACTINV_19008","10/01/2019","07/02/2019",0.0889,0.0889,"MPS","AAA",4,"10/01/2019","27/06/2019",28,168,6,6,0.086325148,0.08632858,0.08633716
"15/01/2019","BANOBRA",100.18665,100.022199,0.164451,189,0,100.210009,100.022065,0.187944,188,0,196,-0.174999,0.511089,0.304121,0.08420001,"F_BANOBRA_19005","08/01/2019","05/02/2019",0.084575,0.084575,"MPS","AAA",3,"08/01/2019","23/07/2019",28,196,7,7,0.086325148,0.08632858,0.08633716
"15/01/2019","BANOBRA",100.163159,100.022232,0.140927,190,0,100.186512,100.022098,0.164414,189,0,196,-0.175017,0.51385,0.307163,0.08419983,"F_BANOBRA_19006","09/01/2019","06/02/2019",0.084556,0.084556,"MPS","AAA",3,"09/01/2019","24/07/2019",28,196,7,7,0.086325148,0.08632858,0.08633716
"15/01/2019","BANOBRA",100.117446,99.999043,0.118403,359,0,100.141107,99.999024,0.142083,358,0,364,-0.06,0.951855,1.003211,0.08535,"F_BANOBRA_19011","10/01/2019","07/02/2019",0.08525,0.08525,"MPS","AAA",3,"10/01/2019","09/01/2020",28,364,13,13,0.086325148,0.08632858,0.08633716
"15/01/2019","BANOBRA",100.116353,100.022419,0.093934,192,0,100.139695,100.022277,0.117418,191,0,196,-0.175017,0.51937,0.313292,0.08419983,"F_BANOBRA_19012","11/01/2019","08/02/2019",0.084541,0.084541,"MPS","AAA",3,"11/01/2019","26/07/2019",28,196,7,7,0.086325148,0.08632858,0.08633716
"15/01/2019","BANORTE",100.286563,99.99923,0.287333,100,0,100.310513,99.999235,0.311278,99,0,112,0.03,0.272852,0.096074,0.08625,"F_BANORTE_19001","03/01/2019","31/01/2019",0.0862,0.0862,"MPS","AAA",4,"03/01/2019","25/04/2019",28,112,4,4,0.086325148,0.08632858,0.08633716
"15/01/2019","BANORTE",100.28756,99.999227,0.288333,156,0,100.311593,99.999232,0.312361,155,0,168,0.06,0.422757,0.213507,0.08655,"F_BANORTE_19002","03/01/2019","31/01/2019",0.0865,0.0865,"MPS","AAA",4,"03/01/2019","20/06/2019",28,168,6,6,0.086325148,0.08632858,0.08633716
"15/01/2019","BANORTE",100.282358,99.995691,0.286667,100,0,100.306472,99.995916,0.310556,99,0,112,0.09,0.272833,0.096062,0.08685,"F_BANORTE_19003","03/01/2019","31/01/2019",0.086,0.086,"MPS","AAA",4,"03/01/2019","25/04/2019",28,112,4,4,0.086325148,0.08632858,0.08633716
"15/01/2019","BANORTE",100.26475,99.999222,0.265528,185,0,100.288888,99.999221,0.289667,184,0,196,0.1,0.499662,0.291767,0.08695,"F_BANORTE_19004","04/01/2019","01/02/2019",0.0869,0.0869,"MPS","AAA",4,"04/01/2019","19/07/2019",28,196,7,7,0.086325148,0.08632858,0.08633716
"15/01/2019","BANORTE",100.192291,99.99918,0.193111,245,0,100.216411,99.999161,0.21725,244,0,253,0.1,0.657449,0.490877,0.08695,"F_BANORTE_19005","07/01/2019","04/02/2019",0.0869,0.0869,"MPS","AAA",4,"07/01/2019","17/09/2019",28,253,9.035714286,9,0.086325148,0.08632858,0.08633716
"15/01/2019","BANORTE",100.167868,99.999285,0.168583,301,0,100.191928,99.999261,0.192667,300,0,308,0.08,0.802598,0.72057,0.08675,"F_BANORTE_19006","08/01/2019","05/02/2019",0.0867,0.0867,"MPS","AAA",4,"08/01/2019","12/11/2019",28,308,11,11,0.086325148,0.08632858,0.08633716
"15/01/2019","BANSAN",100.094716,99.999004,0.095712,360,0,100.11862,99.99898,0.11964,359,0,364,0.03,0.954152,1.007986,0.08625,"F_BANSAN_19003","11/01/2019","08/02/2019",0.086141,0.086141,"MPS","AAA",3,"11/01/2019","10/01/2020",28,364,13,13,0.086325148,0.08632858,0.08633716
"15/01/2019","BANSAN",100.095141,99.999368,0.095773,360,0,100.119184,99.999442,0.119742,359,0,364,0.03,0.954148,1.007982,0.08625,"F_BANSAN_19004","11/01/2019","08/02/2019",0.086196,0.086214,"MPS","AAA",3,"11/01/2019","10/01/2020",28,364,13,13,0.086325148,0.08632858,0.08633716
"15/01/2019","HSBCMX",100.096985,99.999939,0.097046,164,0,100.121215,99.999908,0.121307,163,0,168,0.15,0.444508,0.236503,0.08745,"F_HSBCMX_19001","11/01/2019","08/02/2019",0.087341,0.087341,"MPS","AAA",3,"11/01/2019","28/06/2019",28,168,6,6,0.086325148,0.08632858,0.08633716
"15/01/2019","HSBCMX",100.110334,100.013288,0.097046,164,0,100.134485,100.013178,0.121307,163,0,168,0.12,0.44452,0.236515,0.08715,"F_HSBCMX_19002","11/01/2019","08/02/2019",0.087341,0.087341,"MPS","AAA",3,"11/01/2019","28/06/2019",28,168,6,6,0.086325148,0.08632858,0.08633716
"16/01/2019","FINBE",100.147614,99.999447,0.148167,22,0,100.17227,99.999409,0.172861,21,0,28,0.3,0.060691,0.008371,0.088925,"93_FINBE_00119","10/01/2019","07/02/2019",0.0889,0.0889,"MPS","AAA",4,"10/01/2019","07/02/2019",28,28,1,1,0.086325148,0.08632858,0.08633716
"16/01/2019","BACTINV",100.174204,99.999398,0.174806,329,0,100.199143,99.999365,0.199778,328,0,336,0.4,0.872944,0.848878,0.089925,"F_BACTINV_19001","09/01/2019","06/02/2019",0.0899,0.0899,"MPS","AAA",4,"09/01/2019","11/12/2019",28,336,12,12,0.086325148,0.08632858,0.08633716
"16/01/2019","BACTINV",100.370231,100.220398,0.149833,331,0,100.394523,100.219717,0.174806,330,0,337,0.149,0.878476,0.859164,0.087415,"F_BACTINV_19002","10/01/2019","07/02/2019",0.0899,0.0899,"MPS","AAA",4,"10/01/2019","13/12/2019",28,337,12.03571429,12,0.086325148,0.08632858,0.08633716
"16/01/2019","BACTINV",100.14264,99.999473,0.143167,22,0,100.166466,99.999438,0.167028,21,0,28,0,0.060705,0.008375,0.085925,"F_BACTINV_19003","10/01/2019","07/02/2019",0.0859,0.0859,"MPS","AAA",4,"10/01/2019","07/02/2019",28,28,1,1,0.086325148,0.08632858,0.08633716
"16/01/2019","BACTINV",100.144298,99.999465,0.144833,50,0,100.168401,99.999429,0.168972,49,0,56,0.1,0.137438,0.029547,0.086925,"F_BACTINV_19004","10/01/2019","07/02/2019",0.0869,0.0869,"MPS","AAA",4,"10/01/2019","07/03/2019",28,56,2,2,0.086325148,0.08632858,0.08633716
"16/01/2019","BACTINV",100.145127,99.99946,0.145667,78,0,100.169368,99.999424,0.169944,77,0,84,0.15,0.213642,0.062346,0.087425,"F_BACTINV_19005","10/01/2019","07/02/2019",0.0874,0.0874,"MPS","AAA",4,"10/01/2019","04/04/2019",28,84,3,3,0.086325148,0.08632858,0.08633716
"16/01/2019","BACTINV",100.145956,99.999456,0.1465,106,0,100.170335,99.999418,0.170917,105,0,112,0.2,0.289311,0.106606,0.087925,"F_BACTINV_19006","10/01/2019","07/02/2019",0.0879,0.0879,"MPS","AAA",4,"10/01/2019","02/05/2019",28,112,4,4,0.086325148,0.08632858,0.08633716
"16/01/2019","BACTINV",100.146785,99.999452,0.147333,134,0,100.171302,99.999413,0.171889,133,0,140,0.25,0.36444,0.162158,0.088425,"F_BACTINV_19007","10/01/2019","07/02/2019",0.0884,0.0884,"MPS","AAA",4,"10/01/2019","30/05/2019",28,140,5,5,0.086325148,0.08632858,0.08633716
"16/01/2019","BACTINV",100.147614,99.999447,0.148167,162,0,100.17227,99.999409,0.172861,161,0,168,0.3,0.439024,0.228831,0.088925,"F_BACTINV_19008","10/01/2019","07/02/2019",0.0889,0.0889,"MPS","AAA",4,"10/01/2019","27/06/2019",28,168,6,6,0.086325148,0.08632858,0.08633716
"16/01/2019","START",100.307738,99.999349,0.308389,71,0,100.331465,99.999354,0.332111,70,0,84,-0.05,0.194394,0.053003,0.085425,"93_START_00119","03/01/2019","31/01/2019",0.0854,0.0854,"MPS","AAA",4,"03/01/2019","28/03/2019",28,84,3,3,0.086325148,0.08632858,0.08633716
"16/01/2019","START",100.141811,99.999478,0.142333,78,0,100.165498,99.999442,0.166056,77,0,84,-0.05,0.21371,0.062379,0.085425,"93_START_00219","10/01/2019","07/02/2019",0.0854,0.0854,"MPS","AAA",4,"10/01/2019","04/04/2019",28,84,3,3,0.086325148,0.08632858,0.08633716
"16/01/2019","BANOBRA",100.210148,100.022204,0.187944,188,0,100.233505,100.022067,0.211438,187,0,196,-0.174999,0.508333,0.301097,0.08417501,"F_BANOBRA_19005","08/01/2019","05/02/2019",0.084575,0.084575,"MPS","AAA",3,"08/01/2019","23/07/2019",28,196,7,7,0.086325148,0.08632858,0.08633716
"16/01/2019","BANOBRA",100.186658,100.022244,0.164414,189,0,100.21001,100.022108,0.187902,188,0,196,-0.175017,0.511093,0.304124,0.08417483,"F_BANOBRA_19006","09/01/2019","06/02/2019",0.084556,0.084556,"MPS","AAA",3,"09/01/2019","24/07/2019",28,196,7,7,0.086325148,0.08632858,0.08633716
"16/01/2019","BANOBRA",100.141259,99.999176,0.142083,358,0,100.164918,99.999154,0.165764,357,0,364,-0.06,0.949107,0.99777,0.085325,"F_BANOBRA_19011","10/01/2019","07/02/2019",0.08525,0.08525,"MPS","AAA",3,"10/01/2019","09/01/2020",28,364,13,13,0.086325148,0.08632858,0.08633716
"16/01/2019","BANOBRA",100.139854,100.022436,0.117418,191,0,100.163195,100.022293,0.140902,190,0,196,-0.175017,0.516613,0.310223,0.08417483,"F_BANOBRA_19012","11/01/2019","08/02/2019",0.084541,0.084541,"MPS","AAA",3,"11/01/2019","26/07/2019",28,196,7,7,0.086325148,0.08632858,0.08633716
"16/01/2019","BANORTE",100.310617,99.999339,0.311278,99,0,100.334565,99.999343,0.335222,98,0,112,0.03,0.270094,0.094364,0.086225,"F_BANORTE_19001","03/01/2019","31/01/2019",0.0862,0.0862,"MPS","AAA",4,"03/01/2019","25/04/2019",28,112,4,4,0.086325148,0.08632858,0.08633716
"16/01/2019","BANORTE",100.311696,99.999335,0.312361,155,0,100.335728,99.999339,0.336389,154,0,168,0.06,0.42,0.21097,0.086525,"F_BANORTE_19002","03/01/2019","31/01/2019",0.0865,0.0865,"MPS","AAA",4,"03/01/2019","20/06/2019",28,168,6,6,0.086325148,0.08632858,0.08633716
"16/01/2019","BANORTE",100.306576,99.99602,0.310556,99,0,100.33069,99.996246,0.334444,98,0,112,0.09,0.270075,0.094351,0.086825,"F_BANORTE_19003","03/01/2019","31/01/2019",0.086,0.086,"MPS","AAA",4,"03/01/2019","25/04/2019",28,112,4,4,0.086325148,0.08632858,0.08633716
"16/01/2019","BANORTE",100.288999,99.999332,0.289667,184,0,100.313136,99.99933,0.313806,183,0,196,0.1,0.496906,0.288807,0.086925,"F_BANORTE_19004","04/01/2019","01/02/2019",0.0869,0.0869,"MPS","AAA",4,"04/01/2019","19/07/2019",28,196,7,7,0.086325148,0.08632858,0.08633716
"16/01/2019","BANORTE",100.216543,99.999293,0.21725,244,0,100.240662,99.999273,0.241389,243,0,253,0.1,0.654695,0.487049,0.086925,"F_BANORTE_19005","07/01/2019","04/02/2019",0.0869,0.0869,"MPS","AAA",4,"07/01/2019","17/09/2019",28,253,9.035714286,9,0.086325148,0.08632858,0.08633716
"16/01/2019","BANORTE",100.192066,99.999399,0.192667,300,0,100.216125,99.999375,0.21675,299,0,308,0.08,0.799847,0.715946,0.086725,"F_BANORTE_19006","08/01/2019","05/02/2019",0.0867,0.0867,"MPS","AAA",4,"08/01/2019","12/11/2019",28,308,11,11,0.086325148,0.08632858,0.08633716
"16/01/2019","BANSAN",100.118779,99.999139,0.11964,359,0,100.142681,99.999113,0.143568,358,0,364,0.03,0.951404,1.002533,0.086225,"F_BANSAN_19003","11/01/2019","08/02/2019",0.086141,0.086141,"MPS","AAA",3,"11/01/2019","10/01/2020",28,364,13,13,0.086325148,0.08632858,0.08633716
"16/01/2019","BANSAN",100.119343,99.999601,0.119742,359,0,100.143316,99.999611,0.143705,358,0,364,0.03,0.951399,1.002527,0.086225,"F_BANSAN_19004","11/01/2019","08/02/2019",0.086214,0.086223,"MPS","AAA",3,"11/01/2019","10/01/2020",28,364,13,13,0.086325148,0.08632858,0.08633716
"17/01/2019","CETELEM",100,100,0,28,0,100.023434,99.999851,0.023583,27,0,28,0.097146,0.077268,0.011941,0.0849,"93_CETELEM_00119","17/01/2019","14/02/2019",0.0849,0.0849,"MPS","AAA",2,"17/01/2019","14/02/2019",28,28,1,1,0.086325148,0.08632858,0.08633716
"17/01/2019","FINBE",100.172815,99.999954,0.172861,21,0,100.197451,99.999895,0.197556,20,0,28,0.3,0.057933,0.007831,0.088831,"93_FINBE_00119","10/01/2019","07/02/2019",0.0889,0.0889,"MPS","AAA",4,"10/01/2019","07/02/2019",28,28,1,1,0.086325148,0.08632858,0.08633716
"16/01/2019","HSBCMX",100.121373,100.000066,0.121307,163,0,100.145602,100.000034,0.145568,162,0,168,0.15,0.441753,0.233832,0.087425,"F_HSBCMX_19001","11/01/2019","08/02/2019",0.087341,0.087341,"MPS","AAA",3,"11/01/2019","28/06/2019",28,168,6,6,0.086325148,0.08632858,0.08633716
"16/01/2019","HSBCMX",100.134643,100.013336,0.121307,163,0,100.158792,100.013224,0.145568,162,0,168,0.12,0.441765,0.233844,0.087125,"F_HSBCMX_19002","11/01/2019","08/02/2019",0.087341,0.087341,"MPS","AAA",3,"11/01/2019","28/06/2019",28,168,6,6,0.086325148,0.08632858,0.08633716
"17/01/2019","GMFIN",100,100,0,28,0,100.022803,99.999859,0.022944,27,0,28,-0.132854,0.077281,0.011945,0.0826,"93_GMFIN_00119","17/01/2019","14/02/2019",0.0826,0.0826,"MPS","AAA",2,"17/01/2019","14/02/2019",28,28,1,1,0.086325148,0.08632858,0.08633716
"17/01/2019","GMFIN",100.000533,100.000533,0,84,0,100.024382,100.000438,0.023944,83,0,84,0.03,0.230241,0.070995,0.086131,"93_GMFIN_00219","17/01/2019","14/02/2019",0.0862,0.0862,"MPS","AAA",2,"17/01/2019","11/04/2019",28,84,3,3,0.086325148,0.08632858,0.08633716
"17/01/2019","START",100.331829,99.999718,0.332111,70,0,100.355535,99.999702,0.355833,69,0,84,-0.05,0.191637,0.051726,0.085331,"93_START_00119","03/01/2019","31/01/2019",0.0854,0.0854,"MPS","AAA",4,"03/01/2019","28/03/2019",28,84,3,3,0.086325148,0.08632858,0.08633716
"17/01/2019","START",100.166044,99.999988,0.166056,77,0,100.189711,99.999933,0.189778,76,0,84,-0.05,0.210953,0.060995,0.085331,"93_START_00219","10/01/2019","07/02/2019",0.0854,0.0854,"MPS","AAA",4,"10/01/2019","04/04/2019",28,84,3,3,0.086325148,0.08632858,0.08633716
"17/01/2019","START",100.001306,100.001306,0,84,0,100.024934,100.001184,0.02375,83,0,84,-0.05,0.230268,0.07101,0.085331,"93_START_00319","17/01/2019","14/02/2019",0.0855,0.0855,"MPS","AAA",4,"17/01/2019","11/04/2019",28,84,3,3,0.086325148,0.08632858,0.08633716
"17/01/2019","BACTINV",100.199662,99.999884,0.199778,328,0,100.224581,99.999831,0.22475,327,0,336,0.4,0.870221,0.843908,0.089831,"F_BACTINV_19001","09/01/2019","06/02/2019",0.0899,0.0899,"MPS","AAA",4,"09/01/2019","11/12/2019",28,336,12,12,0.086325148,0.08632858,0.08633716
"17/01/2019","BACTINV",100.395079,100.220273,0.174806,330,0,100.419351,100.219573,0.199778,329,0,337,0.149,0.875753,0.854163,0.087321,"F_BACTINV_19002","10/01/2019","07/02/2019",0.0899,0.0899,"MPS","AAA",4,"10/01/2019","13/12/2019",28,337,12.03571429,12,0.086325148,0.08632858,0.08633716
"17/01/2019","BACTINV",100.167011,99.999983,0.167028,21,0,100.190817,99.999928,0.190889,20,0,28,0,0.057946,0.007835,0.085831,"F_BACTINV_19003","10/01/2019","07/02/2019",0.0859,0.0859,"MPS","AAA",4,"10/01/2019","07/02/2019",28,28,1,1,0.086325148,0.08632858,0.08633716
"17/01/2019","BACTINV",100.168946,99.999974,0.168972,49,0,100.193028,99.999917,0.193111,48,0,56,0.1,0.134679,0.028583,0.086831,"F_BACTINV_19004","10/01/2019","07/02/2019",0.0869,0.0869,"MPS","AAA",4,"10/01/2019","07/03/2019",28,56,2,2,0.086325148,0.08632858,0.08633716
"17/01/2019","BACTINV",100.169913,99.999969,0.169944,77,0,100.194134,99.999912,0.194222,76,0,84,0.15,0.210885,0.060963,0.087331,"F_BACTINV_19005","10/01/2019","07/02/2019",0.0874,0.0874,"MPS","AAA",4,"10/01/2019","04/04/2019",28,84,3,3,0.086325148,0.08632858,0.08633716
"17/01/2019","BACTINV",100.170881,99.999964,0.170917,105,0,100.19524,99.999907,0.195333,104,0,112,0.2,0.286556,0.104806,0.087831,"F_BACTINV_19006","10/01/2019","07/02/2019",0.0879,0.0879,"MPS","AAA",4,"10/01/2019","02/05/2019",28,112,4,4,0.086325148,0.08632858,0.08633716
"17/01/2019","BACTINV",100.171848,99.999959,0.171889,133,0,100.196345,99.999901,0.196444,132,0,140,0.25,0.361687,0.159946,0.088331,"F_BACTINV_19007","10/01/2019","07/02/2019",0.0884,0.0884,"MPS","AAA",4,"10/01/2019","30/05/2019",28,140,5,5,0.086325148,0.08632858,0.08633716
"17/01/2019","BACTINV",100.172815,99.999954,0.172861,161,0,100.197451,99.999895,0.197556,160,0,168,0.3,0.436274,0.226211,0.088831,"F_BACTINV_19008","10/01/2019","07/02/2019",0.0889,0.0889,"MPS","AAA",4,"10/01/2019","27/06/2019",28,168,6,6,0.086325148,0.08632858,0.08633716
"17/01/2019","BANOBRA",100.234,100.022562,0.211438,187,0,100.257337,100.022406,0.234931,186,0,196,-0.174999,0.505585,0.298097,0.08408101,"F_BANOBRA_19005","08/01/2019","05/02/2019",0.084575,0.084575,"MPS","AAA",3,"08/01/2019","23/07/2019",28,196,7,7,0.086325148,0.08632858,0.08633716
"17/01/2019","BANOBRA",100.21053,100.022628,0.187902,188,0,100.233862,100.022472,0.21139,187,0,196,-0.175017,0.508345,0.301109,0.08408083,"F_BANOBRA_19006","09/01/2019","06/02/2019",0.084556,0.084556,"MPS","AAA",3,"09/01/2019","24/07/2019",28,196,7,7,0.086325148,0.08632858,0.08633716
"17/01/2019","BANOBRA",100.165464,99.9997,0.165764,357,0,100.189103,99.999659,0.189444,356,0,364,-0.06,0.946389,0.992391,0.085231,"F_BANOBRA_19011","10/01/2019","07/02/2019",0.08525,0.08525,"MPS","AAA",3,"10/01/2019","09/01/2020",28,364,13,13,0.086325148,0.08632858,0.08633716
"17/01/2019","BANOBRA",100.163767,100.022865,0.140902,190,0,100.187088,100.022703,0.164385,189,0,196,-0.175017,0.513865,0.307177,0.08408083,"F_BANOBRA_19012","11/01/2019","08/02/2019",0.084541,0.084541,"MPS","AAA",3,"11/01/2019","26/07/2019",28,196,7,7,0.086325148,0.08632858,0.08633716
"17/01/2019","BANORTE",100.33493,99.999708,0.335222,98,0,100.358858,99.999691,0.359167,97,0,112,0.03,0.267338,0.09267,0.086131,"F_BANORTE_19001","03/01/2019","31/01/2019",0.0862,0.0862,"MPS","AAA",4,"03/01/2019","25/04/2019",28,112,4,4,0.086325148,0.08632858,0.08633716
"17/01/2019","BANORTE",100.336092,99.999703,0.336389,154,0,100.360104,99.999687,0.360417,153,0,168,0.06,0.417249,0.208454,0.086431,"F_BANORTE_19002","03/01/2019","31/01/2019",0.0865,0.0865,"MPS","AAA",4,"03/01/2019","20/06/2019",28,168,6,6,0.086325148,0.08632858,0.08633716
"17/01/2019","BANORTE",100.331054,99.99661,0.334444,98,0,100.355147,99.996814,0.358333,97,0,112,0.09,0.267319,0.092657,0.086731,"F_BANORTE_19003","03/01/2019","31/01/2019",0.086,0.086,"MPS","AAA",4,"03/01/2019","25/04/2019",28,112,4,4,0.086325148,0.08632858,0.08633716
"17/01/2019","BANORTE",100.313526,99.99972,0.313806,183,0,100.337643,99.999699,0.337944,182,0,196,0.1,0.494159,0.28587,0.086831,"F_BANORTE_19004","04/01/2019","01/02/2019",0.0869,0.0869,"MPS","AAA",4,"04/01/2019","19/07/2019",28,196,7,7,0.086325148,0.08632858,0.08633716
"17/01/2019","BANORTE",100.241131,99.999742,0.241389,243,0,100.26523,99.999702,0.265528,242,0,253,0.1,0.651956,0.483254,0.086831,"F_BANORTE_19005","07/01/2019","04/02/2019",0.0869,0.0869,"MPS","AAA",4,"07/01/2019","17/09/2019",28,253,9.035714286,9,0.086325148,0.08632858,0.08633716
"17/01/2019","BANORTE",100.216618,99.999868,0.21675,299,0,100.240657,99.999824,0.240833,298,0,308,0.08,0.797117,0.711366,0.086631,"F_BANORTE_19006","08/01/2019","05/02/2019",0.0867,0.0867,"MPS","AAA",4,"08/01/2019","12/11/2019",28,308,11,11,0.086325148,0.08632858,0.08633716
"17/01/2019","BANSAN",100.143253,99.999685,0.143568,358,0,100.167135,99.999639,0.167496,357,0,364,0.03,0.948687,0.997142,0.086131,"F_BANSAN_19003","11/01/2019","08/02/2019",0.086141,0.086141,"MPS","AAA",3,"11/01/2019","10/01/2020",28,364,13,13,0.086325148,0.08632858,0.08633716
"17/01/2019","BANSAN",100.143887,100.000182,0.143705,358,0,100.16777,100.000114,0.167656,357,0,364,0.03,0.948681,0.997136,0.086131,"F_BANSAN_19004","11/01/2019","08/02/2019",0.086223,0.086223,"MPS","AAA",3,"11/01/2019","10/01/2020",28,364,13,13,0.086325148,0.08632858,0.08633716
"17/01/2019","HSBCMX",100.146172,100.000604,0.145568,162,0,100.170381,100.000551,0.16983,161,0,168,0.15,0.439004,0.231183,0.087331,"F_HSBCMX_19001","11/01/2019","08/02/2019",0.087341,0.087341,"MPS","AAA",3,"11/01/2019","28/06/2019",28,168,6,6,0.086325148,0.08632858,0.08633716
"17/01/2019","HSBCMX",100.159362,100.013794,0.145568,162,0,100.183491,100.013661,0.16983,161,0,168,0.12,0.439016,0.231195,0.087031,"F_HSBCMX_19002","11/01/2019","08/02/2019",0.087341,0.087341,"MPS","AAA",3,"11/01/2019","28/06/2019",28,168,6,6,0.086325148,0.08632858,0.08633716
"17/01/2019","HSBCMX",100.000726,100.000726,0,364,0,100.024906,100.000621,0.024285,363,0,364,0.15,0.964619,1.029153,0.087331,"F_HSBCMX_19003","17/01/2019","14/02/2019",0.087425,0.087425,"MPS","AAA",3,"17/01/2019","16/01/2020",28,364,13,13,0.086325148,0.08632858,0.08633716
"18/01/2019","CETELEM",100.022303,99.99872,0.023583,27,0,100.092796,99.998463,0.094333,24,0,28,0.097146,0.074525,0.011108,0.08505172,"93_CETELEM_00119","17/01/2019","14/02/2019",0.0849,0.0849,"MPS","AAA",2,"17/01/2019","14/02/2019",28,28,1,1,0.086325148,0.08632858,0.08633716
"18/01/2019","FINBE",100.196931,99.999375,0.197556,20,0,100.270953,99.999314,0.271639,17,0,28,0.3,0.055174,0.007306,0.088925,"93_FINBE_00119","10/01/2019","07/02/2019",0.0889,0.0889,"MPS","AAA",4,"10/01/2019","07/02/2019",28,28,1,1,0.086325148,0.08632858,0.08633716
"18/01/2019","GMFIN",100.021672,99.998728,0.022944,27,0,100.090268,99.99849,0.091778,24,0,28,-0.132854,0.074537,0.011112,0.08275172,"93_GMFIN_00119","17/01/2019","14/02/2019",0.0826,0.0826,"MPS","AAA",2,"17/01/2019","14/02/2019",28,28,1,1,0.086325148,0.08632858,0.08633716
"18/01/2019","GMFIN",100.023681,99.999737,0.023944,83,0,100.095338,99.99956,0.095778,80,0,84,0.03,0.227479,0.069518,0.086225,"93_GMFIN_00219","17/01/2019","14/02/2019",0.0862,0.0862,"MPS","AAA",2,"17/01/2019","11/04/2019",28,84,3,3,0.086325148,0.08632858,0.08633716
"18/01/2019","START",100.355196,99.999363,0.355833,69,0,100.426426,99.999426,0.427,66,0,84,-0.05,0.188875,0.050462,0.085425,"93_START_00119","03/01/2019","31/01/2019",0.0854,0.0854,"MPS","AAA",4,"03/01/2019","28/03/2019",28,84,3,3,0.086325148,0.08632858,0.08633716
"18/01/2019","START",100.189191,99.999413,0.189778,76,0,100.260303,99.999359,0.260944,73,0,84,-0.05,0.208191,0.059624,0.085425,"93_START_00219","10/01/2019","07/02/2019",0.0854,0.0854,"MPS","AAA",4,"10/01/2019","04/04/2019",28,84,3,3,0.086325148,0.08632858,0.08633716
"18/01/2019","START",100.024233,100.000483,0.02375,83,0,100.095228,100.000228,0.095,80,0,84,-0.05,0.227506,0.069532,0.085425,"93_START_00319","17/01/2019","14/02/2019",0.0855,0.0855,"MPS","AAA",4,"17/01/2019","11/04/2019",28,84,3,3,0.086325148,0.08632858,0.08633716
"18/01/2019","BACTINV",100.224088,99.999338,0.22475,327,0,100.29896,99.999293,0.299667,324,0,336,0.4,0.867427,0.838851,0.089925,"F_BACTINV_19001","09/01/2019","06/02/2019",0.0899,0.0899,"MPS","AAA",4,"09/01/2019","11/12/2019",28,336,12,12,0.086325148,0.08632858,0.08633716
"18/01/2019","BACTINV",100.418821,100.219043,0.199778,329,0,100.491751,100.217057,0.274694,326,0,337,0.149,0.872958,0.849073,0.087415,"F_BACTINV_19002","10/01/2019","07/02/2019",0.0899,0.0899,"MPS","AAA",4,"10/01/2019","13/12/2019",28,337,12.03571429,12,0.086325148,0.08632858,0.08633716
"18/01/2019","BACTINV",100.190297,99.999408,0.190889,20,0,100.261824,99.999352,0.262472,17,0,28,0,0.055187,0.007309,0.085925,"F_BACTINV_19003","10/01/2019","07/02/2019",0.0859,0.0859,"MPS","AAA",4,"10/01/2019","07/02/2019",28,28,1,1,0.086325148,0.08632858,0.08633716
"18/01/2019","BACTINV",100.192509,99.999398,0.193111,48,0,100.264867,99.999339,0.265528,45,0,56,0.1,0.131919,0.027634,0.086925,"F_BACTINV_19004","10/01/2019","07/02/2019",0.0869,0.0869,"MPS","AAA",4,"10/01/2019","07/03/2019",28,56,2,2,0.086325148,0.08632858,0.08633716
"18/01/2019","BACTINV",100.193614,99.999392,0.194222,76,0,100.266389,99.999333,0.267056,73,0,84,0.15,0.208124,0.059592,0.087425,"F_BACTINV_19005","10/01/2019","07/02/2019",0.0874,0.0874,"MPS","AAA",4,"10/01/2019","04/04/2019",28,84,3,3,0.086325148,0.08632858,0.08633716
"18/01/2019","BACTINV",100.19472,99.999387,0.195333,104,0,100.26791,99.999327,0.268583,101,0,112,0.2,0.283793,0.103017,0.087925,"F_BACTINV_19006","10/01/2019","07/02/2019",0.0879,0.0879,"MPS","AAA",4,"10/01/2019","02/05/2019",28,112,4,4,0.086325148,0.08632858,0.08633716
"18/01/2019","BACTINV",100.195826,99.999382,0.196444,132,0,100.269432,99.999321,0.270111,129,0,140,0.25,0.358922,0.15774,0.088425,"F_BACTINV_19007","10/01/2019","07/02/2019",0.0884,0.0884,"MPS","AAA",4,"10/01/2019","30/05/2019",28,140,5,5,0.086325148,0.08632858,0.08633716
"18/01/2019","BACTINV",100.196931,99.999375,0.197556,160,0,100.270953,99.999314,0.271639,157,0,168,0.3,0.433506,0.223591,0.088925,"F_BACTINV_19008","10/01/2019","07/02/2019",0.0889,0.0889,"MPS","AAA",4,"10/01/2019","27/06/2019",28,168,6,6,0.086325148,0.08632858,0.08633716
"18/01/2019","BACTINV",99.999035,99.999035,0,308,0,100.073738,99.998905,0.074833,305,0,308,0.4,0.820721,0.751851,0.089925,"F_BACTINV_19009","18/01/2019","15/02/2019",0.0898,0.0898,"MPS","AAA",4,"18/01/2019","22/11/2019",28,308,11,11,0.086325148,0.08632858,0.08633716
"18/01/2019","BANOBRA",100.256868,100.021937,0.234931,186,0,100.326989,100.021579,0.30541,183,0,196,-0.174999,0.502814,0.29509,0.08417501,"F_BANOBRA_19005","08/01/2019","05/02/2019",0.084575,0.084575,"MPS","AAA",3,"08/01/2019","23/07/2019",28,196,7,7,0.086325148,0.08632858,0.08633716
"18/01/2019","BANOBRA",100.233367,100.021977,0.21139,187,0,100.303472,100.021619,0.281853,184,0,196,-0.175017,0.505574,0.298086,0.08417483,"F_BANOBRA_19006","09/01/2019","06/02/2019",0.084556,0.084556,"MPS","AAA",3,"09/01/2019","24/07/2019",28,196,7,7,0.086325148,0.08632858,0.08633716
"18/01/2019","BANOBRA",100.188583,99.999139,0.189444,356,0,100.259611,99.999125,0.260486,353,0,364,-0.06,0.943588,0.986898,0.085325,"F_BANOBRA_19011","10/01/2019","07/02/2019",0.08525,0.08525,"MPS","AAA",3,"10/01/2019","09/01/2020",28,364,13,13,0.086325148,0.08632858,0.08633716
"18/01/2019","BANOBRA",100.186542,100.022157,0.164385,189,0,100.256614,100.021778,0.234836,186,0,196,-0.175017,0.511094,0.304124,0.08417483,"F_BANOBRA_19012","11/01/2019","08/02/2019",0.084541,0.084541,"MPS","AAA",3,"11/01/2019","26/07/2019",28,196,7,7,0.086325148,0.08632858,0.08633716
"18/01/2019","BANORTE",100.358519,99.999352,0.359167,97,0,100.430416,99.999416,0.431,94,0,112,0.03,0.264576,0.090987,0.086225,"F_BANORTE_19001","03/01/2019","31/01/2019",0.0862,0.0862,"MPS","AAA",4,"03/01/2019","25/04/2019",28,112,4,4,0.086325148,0.08632858,0.08633716
"18/01/2019","BANORTE",100.359766,99.999349,0.360417,153,0,100.431913,99.999413,0.4325,150,0,168,0.06,0.414482,0.205939,0.086525,"F_BANORTE_19002","03/01/2019","31/01/2019",0.0865,0.0865,"MPS","AAA",4,"03/01/2019","20/06/2019",28,168,6,6,0.086325148,0.08632858,0.08633716
"18/01/2019","BANORTE",100.354809,99.996476,0.358333,97,0,100.427202,99.997202,0.43,94,0,112,0.09,0.264556,0.090975,0.086825,"F_BANORTE_19003","03/01/2019","31/01/2019",0.086,0.086,"MPS","AAA",4,"03/01/2019","25/04/2019",28,112,4,4,0.086325148,0.08632858,0.08633716
"18/01/2019","BANORTE",100.337278,99.999334,0.337944,182,0,100.409742,99.999381,0.410361,179,0,196,0.1,0.491388,0.282927,0.086925,"F_BANORTE_19004","04/01/2019","01/02/2019",0.0869,0.0869,"MPS","AAA",4,"04/01/2019","19/07/2019",28,196,7,7,0.086325148,0.08632858,0.08633716
"18/01/2019","BANORTE",100.264788,99.99926,0.265528,242,0,100.337199,99.999255,0.337944,239,0,253,0.1,0.649177,0.479428,0.086925,"F_BANORTE_19005","07/01/2019","04/02/2019",0.0869,0.0869,"MPS","AAA",4,"07/01/2019","17/09/2019",28,253,9.035714286,9,0.086325148,0.08632858,0.08633716
"18/01/2019","BANORTE",100.240189,99.999356,0.240833,298,0,100.312416,99.999333,0.313083,295,0,308,0.08,0.794328,0.706722,0.086725,"F_BANORTE_19006","08/01/2019","05/02/2019",0.0867,0.0867,"MPS","AAA",4,"08/01/2019","12/11/2019",28,308,11,11,0.086325148,0.08632858,0.08633716
"18/01/2019","BANSAN",100.16659,99.999094,0.167496,357,0,100.238349,99.999068,0.239281,354,0,364,0.03,0.945886,0.991636,0.086225,"F_BANSAN_19003","11/01/2019","08/02/2019",0.086141,0.086141,"MPS","AAA",3,"11/01/2019","10/01/2020",28,364,13,13,0.086325148,0.08632858,0.08633716
"18/01/2019","BANSAN",100.167224,99.999568,0.167656,357,0,100.238868,99.999401,0.239467,354,0,364,0.03,0.94588,0.99163,0.086225,"F_BANSAN_19004","11/01/2019","08/02/2019",0.086223,0.086208,"MPS","AAA",3,"11/01/2019","10/01/2020",28,364,13,13,0.086325148,0.08632858,0.08633716
"18/01/2019","HSBCMX",100.169837,100.000007,0.16983,161,0,100.242577,99.999963,0.242614,158,0,168,0.15,0.436238,0.228534,0.087425,"F_HSBCMX_19001","11/01/2019","08/02/2019",0.087341,0.087341,"MPS","AAA",3,"11/01/2019","28/06/2019",28,168,6,6,0.086325148,0.08632858,0.08633716
"18/01/2019","HSBCMX",100.182947,100.013117,0.16983,161,0,100.255448,100.012834,0.242614,158,0,168,0.12,0.436249,0.228545,0.087125,"F_HSBCMX_19002","11/01/2019","08/02/2019",0.087341,0.087341,"MPS","AAA",3,"11/01/2019","28/06/2019",28,168,6,6,0.086325148,0.08632858,0.08633716
"18/01/2019","HSBCMX",100.024205,99.99992,0.024285,363,0,100.096857,99.999718,0.097139,360,0,364,0.15,0.961818,1.023558,0.087425,"F_HSBCMX_19003","17/01/2019","14/02/2019",0.087425,0.087425,"MPS","AAA",3,"17/01/2019","16/01/2020",28,364,13,13,0.086325148,0.08632858,0.08633716
"21/01/2019","CETELEM",100.091475,99.997142,0.094333,24,0,100.115049,99.997132,0.117917,23,0,28,0.097146,0.06629,0.008789,0.08525074,"93_CETELEM_00119","17/01/2019","14/02/2019",0.0849,0.0849,"MPS","AAA",2,"17/01/2019","14/02/2019",28,28,1,1,0.086325148,0.08632858,0.08633716
"21/01/2019","FINBE",100.270601,99.998962,0.271639,17,0,100.295307,99.998974,0.296333,16,0,28,0.3,0.046898,0.005822,0.089,"93_FINBE_00119","10/01/2019","07/02/2019",0.0889,0.0889,"MPS","AAA",4,"10/01/2019","07/02/2019",28,28,1,1,0.086325148,0.08632858,0.08633716
"21/01/2019","GMFIN",100.088948,99.99717,0.091778,24,0,100.111888,99.997166,0.114722,23,0,28,-0.132854,0.0663,0.008791,0.08295074,"93_GMFIN_00119","17/01/2019","14/02/2019",0.0826,0.0826,"MPS","AAA",2,"17/01/2019","14/02/2019",28,28,1,1,0.086325148,0.08632858,0.08633716
"21/01/2019","GMFIN",100.094841,99.999063,0.095778,80,0,100.118758,99.999036,0.119722,79,0,84,0.03,0.2192,0.06518,0.0863,"93_GMFIN_00219","17/01/2019","14/02/2019",0.0862,0.0862,"MPS","AAA",2,"17/01/2019","11/04/2019",28,84,3,3,0.086325148,0.08632858,0.08633716
"21/01/2019","START",100.426218,99.999218,0.427,66,0,100.449993,99.999271,0.450722,65,0,84,-0.05,0.180596,0.046763,0.0855,"93_START_00119","03/01/2019","31/01/2019",0.0854,0.0854,"MPS","AAA",4,"03/01/2019","28/03/2019",28,84,3,3,0.086325148,0.08632858,0.08633716
"21/01/2019","START",100.25995,99.999006,0.260944,73,0,100.283686,99.999019,0.284667,72,0,84,-0.05,0.199912,0.055605,0.0855,"93_START_00219","10/01/2019","07/02/2019",0.0854,0.0854,"MPS","AAA",4,"10/01/2019","04/04/2019",28,84,3,3,0.086325148,0.08632858,0.08633716
"21/01/2019","START",100.09473,99.99973,0.095,80,0,100.118427,99.999677,0.11875,79,0,84,-0.05,0.219226,0.065193,0.0855,"93_START_00319","17/01/2019","14/02/2019",0.0855,0.0855,"MPS","AAA",4,"17/01/2019","11/04/2019",28,84,3,3,0.086325148,0.08632858,0.08633716
"21/01/2019","BACTINV",100.298628,99.998961,0.299667,324,0,100.323618,99.998979,0.324639,323,0,336,0.4,0.859123,0.823883,0.09,"F_BACTINV_19001","09/01/2019","06/02/2019",0.0899,0.0899,"MPS","AAA",4,"09/01/2019","11/12/2019",28,336,12,12,0.086325148,0.08632858,0.08633716
"21/01/2019","BACTINV",100.491391,100.216697,0.274694,326,0,100.515733,100.216066,0.299667,325,0,337,0.149,0.864653,0.834011,0.08749,"F_BACTINV_19002","10/01/2019","07/02/2019",0.0899,0.0899,"MPS","AAA",4,"10/01/2019","13/12/2019",28,337,12.03571429,12,0.086325148,0.08632858,0.08633716
"21/01/2019","BACTINV",100.261471,99.998999,0.262472,17,0,100.285346,99.999013,0.286333,16,0,28,0,0.046908,0.005825,0.086,"F_BACTINV_19003","10/01/2019","07/02/2019",0.0859,0.0859,"MPS","AAA",4,"10/01/2019","07/02/2019",28,28,1,1,0.086325148,0.08632858,0.08633716
"21/01/2019","BACTINV",100.264515,99.998987,0.265528,45,0,100.288667,99.999,0.289667,44,0,56,0.1,0.123641,0.024879,0.087,"F_BACTINV_19004","10/01/2019","07/02/2019",0.0869,0.0869,"MPS","AAA",4,"10/01/2019","07/03/2019",28,56,2,2,0.086325148,0.08632858,0.08633716
"21/01/2019","BACTINV",100.266036,99.99898,0.267056,73,0,100.290327,99.998994,0.291333,72,0,84,0.15,0.199845,0.055575,0.0875,"F_BACTINV_19005","10/01/2019","07/02/2019",0.0874,0.0874,"MPS","AAA",4,"10/01/2019","04/04/2019",28,84,3,3,0.086325148,0.08632858,0.08633716
"21/01/2019","BACTINV",100.267558,99.998975,0.268583,101,0,100.291987,99.998987,0.293,100,0,112,0.2,0.275514,0.097747,0.088,"F_BACTINV_19006","10/01/2019","07/02/2019",0.0879,0.0879,"MPS","AAA",4,"10/01/2019","02/05/2019",28,112,4,4,0.086325148,0.08632858,0.08633716
"21/01/2019","BACTINV",100.269079,99.998968,0.270111,129,0,100.293647,99.99898,0.294667,128,0,140,0.25,0.350641,0.151225,0.0885,"F_BACTINV_19007","10/01/2019","07/02/2019",0.0884,0.0884,"MPS","AAA",4,"10/01/2019","30/05/2019",28,140,5,5,0.086325148,0.08632858,0.08633716
"21/01/2019","BACTINV",100.270601,99.998962,0.271639,157,0,100.295307,99.998974,0.296333,156,0,168,0.3,0.425223,0.215839,0.089,"F_BACTINV_19008","10/01/2019","07/02/2019",0.0889,0.0889,"MPS","AAA",4,"10/01/2019","27/06/2019",28,168,6,6,0.086325148,0.08632858,0.08633716
"21/01/2019","BACTINV",100.073221,99.998388,0.074833,305,0,100.098155,99.998377,0.099778,304,0,308,0.4,0.812422,0.737664,0.09,"F_BACTINV_19009","18/01/2019","15/02/2019",0.0898,0.0898,"MPS","AAA",4,"18/01/2019","22/11/2019",28,308,11,11,0.086325148,0.08632858,0.08633716
"21/01/2019","BANOBRA",100.326677,100.021267,0.30541,183,0,100.350083,100.02118,0.328903,182,0,196,-0.174999,0.494525,0.286184,0.08425001,"F_BANOBRA_19005","08/01/2019","05/02/2019",0.084575,0.084575,"MPS","AAA",3,"08/01/2019","23/07/2019",28,196,7,7,0.086325148,0.08632858,0.08633716
"21/01/2019","BANOBRA",100.303139,100.021286,0.281853,184,0,100.326539,100.021198,0.305341,183,0,196,-0.175017,0.497285,0.289135,0.08424983,"F_BANOBRA_19006","09/01/2019","06/02/2019",0.084556,0.084556,"MPS","AAA",3,"09/01/2019","24/07/2019",28,196,7,7,0.086325148,0.08632858,0.08633716
"21/01/2019","BANOBRA",100.259258,99.998772,0.260486,353,0,100.282966,99.998799,0.284167,352,0,364,-0.06,0.935276,0.970653,0.0854,"F_BANOBRA_19011","10/01/2019","07/02/2019",0.08525,0.08525,"MPS","AAA",3,"10/01/2019","09/01/2020",28,364,13,13,0.086325148,0.08632858,0.08633716
"21/01/2019","BANOBRA",100.25624,100.021404,0.234836,186,0,100.279629,100.021309,0.25832,185,0,196,-0.175017,0.502805,0.295082,0.08424983,"F_BANOBRA_19012","11/01/2019","08/02/2019",0.084541,0.084541,"MPS","AAA",3,"11/01/2019","26/07/2019",28,196,7,7,0.086325148,0.08632858,0.08633716
"22/01/2019","GMFIN",100.114214,99.999492,0.114722,23,0,100.137065,99.999398,0.137667,22,0,28,-0.132854,0.063554,0.008078,0.08258522,"93_GMFIN_00119","17/01/2019","14/02/2019",0.0826,0.0826,"MPS","AAA",2,"17/01/2019","14/02/2019",28,28,1,1,0.086325148,0.08632858,0.08633716
"22/01/2019","GMFIN",100.119076,99.999354,0.119722,79,0,100.142986,99.999319,0.143667,78,0,84,0.03,0.216442,0.063765,0.08625,"93_GMFIN_00219","17/01/2019","14/02/2019",0.0862,0.0862,"MPS","AAA",2,"17/01/2019","11/04/2019",28,84,3,3,0.086325148,0.08632858,0.08633716
"21/01/2019","BANORTE",100.430208,99.999208,0.431,94,0,100.454206,99.999262,0.454944,93,0,112,0.03,0.256295,0.086034,0.0863,"F_BANORTE_19001","03/01/2019","31/01/2019",0.0862,0.0862,"MPS","AAA",4,"03/01/2019","25/04/2019",28,112,4,4,0.086325148,0.08632858,0.08633716
"21/01/2019","BANORTE",100.431705,99.999205,0.4325,150,0,100.455786,99.999258,0.456528,149,0,168,0.06,0.406197,0.198501,0.0866,"F_BANORTE_19002","03/01/2019","31/01/2019",0.0865,0.0865,"MPS","AAA",4,"03/01/2019","20/06/2019",28,168,6,6,0.086325148,0.08632858,0.08633716
"21/01/2019","BANORTE",100.426994,99.996994,0.43,94,0,100.451157,99.997268,0.453889,93,0,112,0.09,0.256276,0.086022,0.0869,"F_BANORTE_19003","03/01/2019","31/01/2019",0.086,0.086,"MPS","AAA",4,"03/01/2019","25/04/2019",28,112,4,4,0.086325148,0.08632858,0.08633716
"21/01/2019","BANORTE",100.409513,99.999152,0.410361,179,0,100.4337,99.9992,0.4345,178,0,196,0.1,0.483101,0.274213,0.087,"F_BANORTE_19004","04/01/2019","01/02/2019",0.0869,0.0869,"MPS","AAA",4,"04/01/2019","19/07/2019",28,196,7,7,0.086325148,0.08632858,0.08633716
"21/01/2019","BANORTE",100.336908,99.998964,0.337944,239,0,100.361077,99.998994,0.362083,238,0,253,0.1,0.640884,0.468092,0.087,"F_BANORTE_19005","07/01/2019","04/02/2019",0.0869,0.0869,"MPS","AAA",4,"07/01/2019","17/09/2019",28,253,9.035714286,9,0.086325148,0.08632858,0.08633716
"21/01/2019","BANORTE",100.312105,99.999022,0.313083,295,0,100.336213,99.999046,0.337167,294,0,308,0.08,0.786027,0.69297,0.0868,"F_BANORTE_19006","08/01/2019","05/02/2019",0.0867,0.0867,"MPS","AAA",4,"08/01/2019","12/11/2019",28,308,11,11,0.086325148,0.08632858,0.08633716
"21/01/2019","BANSAN",100.237976,99.998695,0.239281,354,0,100.261927,99.998718,0.263209,353,0,364,0.03,0.937574,0.975354,0.0863,"F_BANSAN_19003","11/01/2019","08/02/2019",0.086141,0.086141,"MPS","AAA",3,"11/01/2019","10/01/2020",28,364,13,13,0.086325148,0.08632858,0.08633716
"21/01/2019","BANSAN",100.238494,99.999027,0.239467,354,0,100.262462,99.999043,0.263419,353,0,364,0.03,0.93757,0.975349,0.0863,"F_BANSAN_19004","11/01/2019","08/02/2019",0.086208,0.08621,"MPS","AAA",3,"11/01/2019","10/01/2020",28,364,13,13,0.086325148,0.08632858,0.08633716
"22/01/2019","START",100.450118,99.999396,0.450722,65,0,100.473885,99.999441,0.474444,64,0,84,-0.05,0.177837,0.045561,0.08545,"93_START_00119","03/01/2019","31/01/2019",0.0854,0.0854,"MPS","AAA",4,"03/01/2019","28/03/2019",28,84,3,3,0.086325148,0.08632858,0.08633716
"22/01/2019","START",100.283907,99.99924,0.284667,72,0,100.307634,99.999245,0.308389,71,0,84,-0.05,0.197153,0.054297,0.08545,"93_START_00219","10/01/2019","07/02/2019",0.0854,0.0854,"MPS","AAA",4,"10/01/2019","04/04/2019",28,84,3,3,0.086325148,0.08632858,0.08633716
"22/01/2019","START",100.118745,99.999995,0.11875,79,0,100.142433,99.999933,0.1425,78,0,84,-0.05,0.216468,0.063778,0.08545,"93_START_00319","17/01/2019","14/02/2019",0.0855,0.0855,"MPS","AAA",4,"17/01/2019","11/04/2019",28,84,3,3,0.086325148,0.08632858,0.08633716
"22/01/2019","BANOBRA",100.350277,100.021374,0.328903,182,0,100.373674,100.021278,0.352396,181,0,196,-0.174999,0.491772,0.283255,0.08420001,"F_BANOBRA_19005","08/01/2019","05/02/2019",0.084575,0.084575,"MPS","AAA",3,"08/01/2019","23/07/2019",28,196,7,7,0.086325148,0.08632858,0.08633716
"22/01/2019","BANOBRA",100.326747,100.021406,0.305341,183,0,100.350138,100.021309,0.328829,182,0,196,-0.175017,0.494532,0.28619,0.08419983,"F_BANOBRA_19006","09/01/2019","06/02/2019",0.084556,0.084556,"MPS","AAA",3,"09/01/2019","24/07/2019",28,196,7,7,0.086325148,0.08632858,0.08633716
"22/01/2019","BANOBRA",100.283187,99.99902,0.284167,352,0,100.306887,99.99904,0.307847,351,0,364,-0.06,0.932539,0.96532,0.08535,"F_BANOBRA_19011","10/01/2019","07/02/2019",0.08525,0.08525,"MPS","AAA",3,"10/01/2019","09/01/2020",28,364,13,13,0.086325148,0.08632858,0.08633716
"22/01/2019","BANOBRA",100.279864,100.021544,0.25832,185,0,100.303245,100.021442,0.281803,184,0,196,-0.175017,0.500052,0.292107,0.08419983,"F_BANOBRA_19012","11/01/2019","08/02/2019",0.084541,0.084541,"MPS","AAA",3,"11/01/2019","26/07/2019",28,196,7,7,0.086325148,0.08632858,0.08633716
"21/01/2019","HSBCMX",100.242205,99.999591,0.242614,158,0,100.266484,99.999609,0.266875,157,0,168,0.15,0.427958,0.220694,0.0875,"F_HSBCMX_19001","11/01/2019","08/02/2019",0.087341,0.087341,"MPS","AAA",3,"11/01/2019","28/06/2019",28,168,6,6,0.086325148,0.08632858,0.08633716
"21/01/2019","HSBCMX",100.255076,100.012462,0.242614,158,0,100.279275,100.0124,0.266875,157,0,168,0.12,0.427969,0.220705,0.0872,"F_HSBCMX_19002","11/01/2019","08/02/2019",0.087341,0.087341,"MPS","AAA",3,"11/01/2019","28/06/2019",28,168,6,6,0.086325148,0.08632858,0.08633716
"21/01/2019","HSBCMX",100.09636,99.999221,0.097139,360,0,100.120609,99.999185,0.121424,359,0,364,0.15,0.953507,1.007013,0.0875,"F_HSBCMX_19003","17/01/2019","14/02/2019",0.087425,0.087425,"MPS","AAA",3,"17/01/2019","16/01/2020",28,364,13,13,0.086325148,0.08632858,0.08633716
"22/01/2019","BANORTE",100.454331,99.999387,0.454944,93,0,100.478321,99.999432,0.478889,92,0,112,0.03,0.253538,0.084415,0.08625,"F_BANORTE_19001","03/01/2019","31/01/2019",0.0862,0.0862,"MPS","AAA",4,"03/01/2019","25/04/2019",28,112,4,4,0.086325148,0.08632858,0.08633716
"22/01/2019","BANORTE",100.455911,99.999383,0.456528,149,0,100.479984,99.999428,0.480556,148,0,168,0.06,0.403443,0.196057,0.08655,"F_BANORTE_19002","03/01/2019","31/01/2019",0.0865,0.0865,"MPS","AAA",4,"03/01/2019","20/06/2019",28,168,6,6,0.086325148,0.08632858,0.08633716
"22/01/2019","BANORTE",100.451282,99.997393,0.453889,93,0,100.475437,99.997659,0.477778,92,0,112,0.09,0.253519,0.084404,0.08685,"F_BANORTE_19003","03/01/2019","31/01/2019",0.086,0.086,"MPS","AAA",4,"03/01/2019","25/04/2019",28,112,4,4,0.086325148,0.08632858,0.08633716
"22/01/2019","BANORTE",100.433839,99.999339,0.4345,178,0,100.458017,99.999378,0.458639,177,0,196,0.1,0.480348,0.271347,0.08695,"F_BANORTE_19004","04/01/2019","01/02/2019",0.0869,0.0869,"MPS","AAA",4,"04/01/2019","19/07/2019",28,196,7,7,0.086325148,0.08632858,0.08633716
"22/01/2019","BANORTE",100.361257,99.999174,0.362083,238,0,100.385419,99.999197,0.386222,237,0,253,0.1,0.638135,0.464362,0.08695,"F_BANORTE_19005","07/01/2019","04/02/2019",0.0869,0.0869,"MPS","AAA",4,"07/01/2019","17/09/2019",28,253,9.035714286,9,0.086325148,0.08632858,0.08633716
"22/01/2019","BANORTE",100.336406,99.999239,0.337167,294,0,100.360506,99.999256,0.36125,293,0,308,0.08,0.783284,0.688447,0.08675,"F_BANORTE_19006","08/01/2019","05/02/2019",0.0867,0.0867,"MPS","AAA",4,"08/01/2019","12/11/2019",28,308,11,11,0.086325148,0.08632858,0.08633716
"22/01/2019","BANSAN",100.262163,99.998954,0.263209,353,0,100.286106,99.998969,0.287137,352,0,364,0.03,0.934837,0.970008,0.08625,"F_BANSAN_19003","11/01/2019","08/02/2019",0.086141,0.086141,"MPS","AAA",3,"11/01/2019","10/01/2020",28,364,13,13,0.086325148,0.08632858,0.08633716
"22/01/2019","BANSAN",100.267736,100.004317,0.263419,353,0,100.291759,100.004352,0.287407,352,0,364,0.024624,0.934838,0.970013,0.08619624,"F_BANSAN_19004","11/01/2019","08/02/2019",0.08621,0.086222,"MPS","AAA",3,"11/01/2019","10/01/2020",28,364,13,13,0.086325148,0.08632858,0.08633716
"22/01/2019","HSBCMX",100.266718,99.999843,0.266875,157,0,100.290989,99.999852,0.291137,156,0,168,0.15,0.425205,0.218117,0.08745,"F_HSBCMX_19001","11/01/2019","08/02/2019",0.087341,0.087341,"MPS","AAA",3,"11/01/2019","28/06/2019",28,168,6,6,0.086325148,0.08632858,0.08633716
"22/01/2019","HSBCMX",100.279509,100.012634,0.266875,157,0,100.3037,100.012563,0.291137,156,0,168,0.12,0.425216,0.218128,0.08715,"F_HSBCMX_19002","11/01/2019","08/02/2019",0.087341,0.087341,"MPS","AAA",3,"11/01/2019","28/06/2019",28,168,6,6,0.086325148,0.08632858,0.08633716
"22/01/2019","HSBCMX",100.120927,99.999503,0.121424,359,0,100.145169,99.999461,0.145708,358,0,364,0.15,0.950771,1.00158,0.08745,"F_HSBCMX_19003","17/01/2019","14/02/2019",0.087425,0.087425,"MPS","AAA",3,"17/01/2019","16/01/2020",28,364,13,13,0.086325148,0.08632858,0.08633716
"22/01/2019","CETELEM",100.117375,99.999458,0.117917,23,0,100.14086,99.99936,0.1415,22,0,28,0.097146,0.063544,0.008076,0.08488522,"93_CETELEM_00119","17/01/2019","14/02/2019",0.0849,0.0849,"MPS","AAA",2,"17/01/2019","14/02/2019",28,28,1,1,0.086325148,0.08632858,0.08633716
"22/01/2019","FINBE",100.295529,99.999196,0.296333,16,0,100.320228,99.9992,0.321028,15,0,28,0.3,0.044139,0.005358,0.08895,"93_FINBE_00119","10/01/2019","07/02/2019",0.0889,0.0889,"MPS","AAA",4,"10/01/2019","07/02/2019",28,28,1,1,0.086325148,0.08632858,0.08633716
"22/01/2019","BACTINV",100.323825,99.999186,0.324639,323,0,100.348808,99.999197,0.349611,322,0,336,0.4,0.856383,0.818964,0.08995,"F_BACTINV_19001","09/01/2019","06/02/2019",0.0899,0.0899,"MPS","AAA",4,"09/01/2019","11/12/2019",28,336,12,12,0.086325148,0.08632858,0.08633716
"22/01/2019","BACTINV",100.51596,100.216293,0.299667,325,0,100.540294,100.215655,0.324639,324,0,337,0.149,0.861913,0.829061,0.08744,"F_BACTINV_19002","10/01/2019","07/02/2019",0.0899,0.0899,"MPS","AAA",4,"10/01/2019","13/12/2019",28,337,12.03571429,12,0.086325148,0.08632858,0.08633716
"22/01/2019","BACTINV",100.285567,99.999234,0.286333,16,0,100.309434,99.99924,0.310194,15,0,28,0,0.044149,0.00536,0.08595,"F_BACTINV_19003","10/01/2019","07/02/2019",0.0859,0.0859,"MPS","AAA",4,"10/01/2019","07/02/2019",28,28,1,1,0.086325148,0.08632858,0.08633716
"22/01/2019","BACTINV",100.288888,99.999221,0.289667,44,0,100.313032,99.999226,0.313806,43,0,56,0.1,0.120883,0.023991,0.08695,"F_BACTINV_19004","10/01/2019","07/02/2019",0.0869,0.0869,"MPS","AAA",4,"10/01/2019","07/03/2019",28,56,2,2,0.086325148,0.08632858,0.08633716
"22/01/2019","BACTINV",100.290548,99.999215,0.291333,72,0,100.314831,99.99922,0.315611,71,0,84,0.15,0.197087,0.054268,0.08745,"F_BACTINV_19005","10/01/2019","07/02/2019",0.0874,0.0874,"MPS","AAA",4,"10/01/2019","04/04/2019",28,84,3,3,0.086325148,0.08632858,0.08633716
"22/01/2019","BACTINV",100.292208,99.999208,0.293,100,0,100.31663,99.999213,0.317417,99,0,112,0.2,0.272757,0.096022,0.08795,"F_BACTINV_19006","10/01/2019","07/02/2019",0.0879,0.0879,"MPS","AAA",4,"10/01/2019","02/05/2019",28,112,4,4,0.086325148,0.08632858,0.08633716
"22/01/2019","BACTINV",100.293869,99.999202,0.294667,128,0,100.318429,99.999207,0.319222,127,0,140,0.25,0.347886,0.149087,0.08845,"F_BACTINV_19007","10/01/2019","07/02/2019",0.0884,0.0884,"MPS","AAA",4,"10/01/2019","30/05/2019",28,140,5,5,0.086325148,0.08632858,0.08633716
"22/01/2019","BACTINV",100.295529,99.999196,0.296333,156,0,100.320228,99.9992,0.321028,155,0,168,0.3,0.422469,0.213291,0.08895,"F_BACTINV_19008","10/01/2019","07/02/2019",0.0889,0.0889,"MPS","AAA",4,"10/01/2019","27/06/2019",28,168,6,6,0.086325148,0.08632858,0.08633716
"22/01/2019","BACTINV",100.163269,100.063491,0.099778,304,0,100.187991,100.063269,0.124722,303,0,308,0.320097,0.809741,0.733102,0.08915097,"F_BACTINV_19009","18/01/2019","15/02/2019",0.0898,0.0898,"MPS","AAA",4,"18/01/2019","22/11/2019",28,308,11,11,0.086325148,0.08632858,0.08633716
"03/01/2019","START",99.999706,99.999706,0,84,0,100.023363,99.999641,0.023722,83,0,84,-0.05,0.230267,0.071009,0.085438,"93_START_00119","03/01/2019","31/01/2019",0.0854,0.0854,"MPS","AAA",4,"03/01/2019","28/03/2019",28,84,3,3,0.086325148,0.08632858,0.08633716
